encounter_id,flag_encoded_in_key,reference_flag_id,reference_description,match_status,current_active_flag,current_validation,new_active_flag_from_reviewed_script,user_reported_full_validation,runtime_changed,reference_source
flag_18000850,18000850,18000850,Soldier of Godrick,numeric_key_match,,not_configured,,False,False,https://soulsmodding.com/doku.php?id=er-refmat:event-flag-list
flag_1042360800,1042360800,1042360800,Tree Sentinel (Church of Elleh),numeric_key_match,,not_configured,,False,False,https://soulsmodding.com/doku.php?id=er-refmat:event-flag-list
flag_31150800,31150800,31150800,Demi-Human Chief (Coastal Cave),numeric_key_match,,not_configured,,False,False,https://soulsmodding.com/doku.php?id=er-refmat:event-flag-list
flag_30020800,30020800,30020800,Erdtree Burial Watchdog (Stormfoot Catacombs),numeric_key_match,,not_configured,,False,False,https://soulsmodding.com/doku.php?id=er-refmat:event-flag-list
flag_31030800,31030800,31030800,Beastman of Farum Azula (Groveside Cave),numeric_key_match,,not_configured,,False,False,https://soulsmodding.com/doku.php?id=er-refmat:event-flag-list
flag_32010800,32010800,32010800,Stonedigger Troll (Limgrave Tunnels),numeric_key_match,,not_configured,,False,False,https://soulsmodding.com/doku.php?id=er-refmat:event-flag-list
flag_1044360800,1044360800,1044360800,Mad Pumpkin Head (Waypoint Ruins),numeric_key_match,,not_configured,,False,False,https://soulsmodding.com/doku.php?id=er-refmat:event-flag-list
flag_1044350800,1044350800,1044350800,Bloodhound Knight Darriwil,numeric_key_match,1044352806,documented,,False,False,https://soulsmodding.com/doku.php?id=er-refmat:event-flag-list
flag_31000800,31000800,31000800,Patches (Murkwater Cave),numeric_key_match,,not_configured,,False,False,https://soulsmodding.com/doku.php?id=er-refmat:event-flag-list
flag_30040800,30040800,30040800,Grave Warden Duelist (Murkwater Catacombs),numeric_key_match,,not_configured,30042805,False,False,https://soulsmodding.com/doku.php?id=er-refmat:event-flag-list
flag_31170800,31170800,31170800,Guardian Golem (Highroad Cave),numeric_key_match,,not_configured,,False,False,https://soulsmodding.com/doku.php?id=er-refmat:event-flag-list
flag_30110800,30110800,30110800,Black Knife Assassin (Deathtouched Catacombs),numeric_key_match,,not_configured,30112805,False,False,https://soulsmodding.com/doku.php?id=er-refmat:event-flag-list
flag_18000800,18000800,18000800,Ulcerated Tree Spirit,numeric_key_match,,not_configured,,False,False,https://soulsmodding.com/doku.php?id=er-refmat:event-flag-list
flag_1043360800,1043360800,1043360800,Flying Dragon Agheel (Agheel Lake),numeric_key_match,,not_configured,,False,False,https://soulsmodding.com/doku.php?id=er-refmat:event-flag-list
flag_1045390800,1045390800,1045390800,Tibia Mariner (Summonwater Village),numeric_key_match,,not_configured,,False,False,https://soulsmodding.com/doku.php?id=er-refmat:event-flag-list
flag_1042370800,1042370800,1042370800,Crucible Knight (Stormhill Evergaol),numeric_key_match,1042372806,documented,,True,False,https://soulsmodding.com/doku.php?id=er-refmat:event-flag-list
flag_1043370800,1043370800,1043370800,Night's Cavalry (Agheel Lake North),numeric_key_match,,not_configured,,False,False,https://soulsmodding.com/doku.php?id=er-refmat:event-flag-list
flag_1042380800,1042380800,1042380800,Death Rite Bird (Stormgate),numeric_key_match,,not_configured,,False,False,https://soulsmodding.com/doku.php?id=er-refmat:event-flag-list
flag_1042380850,1042380850,1042380850,Bell Bearing Hunter (Warmaster's Shack),numeric_key_match,,not_configured,,False,False,https://soulsmodding.com/doku.php?id=er-refmat:event-flag-list
flag_31010800,31010800,31010800,Runebear (Earthbore Cave),numeric_key_match,,not_configured,,False,False,https://soulsmodding.com/doku.php?id=er-refmat:event-flag-list
flag_32000800,32000800,32000800,Scaly Misbegotten (Morne Tunnel),numeric_key_match,,not_configured,,False,False,https://soulsmodding.com/doku.php?id=er-refmat:event-flag-list
flag_30010800,30010800,30010800,Erdtree Burial Watchdog (Impaler's Catacombs),numeric_key_match,,not_configured,,False,False,https://soulsmodding.com/doku.php?id=er-refmat:event-flag-list
flag_30000800,30000800,30000800,Cemetery Shade (Tombsward Catacombs),numeric_key_match,,not_configured,,False,False,https://soulsmodding.com/doku.php?id=er-refmat:event-flag-list
flag_31020800,31020800,31020800,Miranda the Blighted Bloom (Tombsward Cave),numeric_key_match,,not_configured,,False,False,https://soulsmodding.com/doku.php?id=er-refmat:event-flag-list
flag_1043330800,1043330800,1043330800,Erdtree Avatar (Minor Erdtree - Weeping Peninsula),numeric_key_match,,not_configured,,False,False,https://soulsmodding.com/doku.php?id=er-refmat:event-flag-list
flag_1042330800,1042330800,1042330800,Ancient Hero of Zamor (Weeping Evergaol),numeric_key_match,1042332806,documented,,False,False,https://soulsmodding.com/doku.php?id=er-refmat:event-flag-list
flag_1044320850,1044320850,1044320850,Night's Cavalry (Castle Morne Approach North),numeric_key_match,,not_configured,,False,False,https://soulsmodding.com/doku.php?id=er-refmat:event-flag-list
flag_1044320800,1044320800,1044320800,Death Rite Bird (Castle Morne Approach North),numeric_key_match,,not_configured,,False,False,https://soulsmodding.com/doku.php?id=er-refmat:event-flag-list
flag_1043300800,1043300800,1043300800,Leonine Misbegotten (Morne Moangrave),numeric_key_match,,not_configured,,False,False,https://soulsmodding.com/doku.php?id=er-refmat:event-flag-list
margit,,10000850,Margit the Fell Omen,alias_by_name_current_flag_not_read,,not_configured,,False,False,https://soulsmodding.com/doku.php?id=er-refmat:event-flag-list
godrick,,10000800,Godrick the Grafted,alias_by_name_current_flag_not_read,,not_configured,,False,False,https://soulsmodding.com/doku.php?id=er-refmat:event-flag-list
flag_31040800,31040800,31040800,Cleanrot Knight (Stillwater Cave),numeric_key_match,,not_configured,,False,False,https://soulsmodding.com/doku.php?id=er-refmat:event-flag-list
flag_31050800,31050800,31050800,Bloodhound Knight (Lakeside Crystal Cave),numeric_key_match,,not_configured,,False,False,https://soulsmodding.com/doku.php?id=er-refmat:event-flag-list
flag_30060800,30060800,30060800,Erdtree Burial Watchdog (Cliffbottom Catacombs),numeric_key_match,,not_configured,,False,False,https://soulsmodding.com/doku.php?id=er-refmat:event-flag-list
flag_31060800,31060800,31060800,Crystalians (Academy Crystal Cave),numeric_key_match,,not_configured,,False,False,https://soulsmodding.com/doku.php?id=er-refmat:event-flag-list
flag_32020800,32020800,32020800,Crystalian - Ringblade (Raya Lucaria Crystal Tunnel),numeric_key_match,,not_configured,,False,False,https://soulsmodding.com/doku.php?id=er-refmat:event-flag-list
flag_30050800,30050800,30050800,Cemetery Shade (Black Knife Catacombs),numeric_key_match,,not_configured,,False,False,https://soulsmodding.com/doku.php?id=er-refmat:event-flag-list
flag_30050850,30050850,30050850,Black Knife Assassin (Black Knife Catacombs),numeric_key_match,,not_configured,,False,False,https://soulsmodding.com/doku.php?id=er-refmat:event-flag-list
flag_30030800,30030800,30030800,Spirit-Caller Snail (Road's End Catacombs),numeric_key_match,,not_configured,,False,False,https://soulsmodding.com/doku.php?id=er-refmat:event-flag-list
flag_10010800,10010800,10010800,Grafted Scion (Chapel of Anticipation),numeric_key_match,,not_configured,,False,False,https://soulsmodding.com/doku.php?id=er-refmat:event-flag-list
flag_1034450800,1034450800,1034450800,Glintstone Dragon Smarag (Meeting Place),numeric_key_match,,not_configured,,False,False,https://soulsmodding.com/doku.php?id=er-refmat:event-flag-list
flag_1035420800,1035420800,1035420800,Omenkiller (Albinauric Village),numeric_key_match,,not_configured,,False,False,https://soulsmodding.com/doku.php?id=er-refmat:event-flag-list
flag_1034480800,1034480800,1034480800,Royal Revenant (Kingsrealm Ruins),numeric_key_match,,not_configured,,False,False,https://soulsmodding.com/doku.php?id=er-refmat:event-flag-list
flag_1039440800,1039440800,1039440800,Tibia Mariner (Divine Tower of Liurnia Entrance),numeric_key_match,,not_configured,,False,False,https://soulsmodding.com/doku.php?id=er-refmat:event-flag-list
flag_1033430800,1033430800,1033430800,Erdtree Avatar (Minor Erdtree - Liurnia),numeric_key_match,,not_configured,,False,False,https://soulsmodding.com/doku.php?id=er-refmat:event-flag-list
flag_1038480800,1038480800,1038480800,Erdtree Avatar (Minor Erdtree - Bellum Highway),numeric_key_match,,not_configured,,False,False,https://soulsmodding.com/doku.php?id=er-refmat:event-flag-list
flag_1038410800,1038410800,1038410800,"Adan, Thief of Fire (Malefactor's Evergaol)",numeric_key_match,1038412806,documented,,False,False,https://soulsmodding.com/doku.php?id=er-refmat:event-flag-list
flag_1033450800,1033450800,1033450800,"Bols, Carian Knight (Cuckoo's Evergaol)",numeric_key_match,1033452806,documented,,False,False,https://soulsmodding.com/doku.php?id=er-refmat:event-flag-list
flag_1036500800,1036500800,1036500800,Onyx Lord (Royal Grave Evergaol),numeric_key_match,1036502806,documented,,False,False,https://soulsmodding.com/doku.php?id=er-refmat:event-flag-list
flag_1039430800,1039430800,,,numeric_key_absent_in_reference,,not_configured,,False,False,
flag_1036480800,1036480800,,,numeric_key_absent_in_reference,,not_configured,,False,False,
flag_1037420800,1037420800,,,numeric_key_absent_in_reference,,not_configured,,False,False,
flag_1036450800,1036450800,,,numeric_key_absent_in_reference,,not_configured,,False,False,
flag_1037460800,1037460800,1037460800,Bell Bearing Hunter (Church of Vows),numeric_key_match,,not_configured,,False,False,https://soulsmodding.com/doku.php?id=er-refmat:event-flag-list
flag_1035500800,1035500800,1035500800,"Loretta, Royal Knight (Caria Manor)",numeric_key_match,,not_configured,,False,False,https://soulsmodding.com/doku.php?id=er-refmat:event-flag-list
flag_39200800,39200800,39200800,Magma Wyrm Makar (Ruin-Strewn Precipice),numeric_key_match,,not_configured,,False,False,https://soulsmodding.com/doku.php?id=er-refmat:event-flag-list
flag_1034420800,1034420800,1034420800,Glintstone Dragon Adula (Moonfolk Ruins),numeric_key_match,,not_configured,,False,False,https://soulsmodding.com/doku.php?id=er-refmat:event-flag-list
flag_1033420800,1033420800,1033420800,Alecto Black Knife Ringleader (Moonlight Altar),numeric_key_match,1033422806,documented,,False,False,https://soulsmodding.com/doku.php?id=er-refmat:event-flag-list
flag_14000850,14000850,14000850,Red Wolf of Radagon,numeric_key_match,,not_configured,,False,False,https://soulsmodding.com/doku.php?id=er-refmat:event-flag-list
flag_14000800,14000800,14000800,"Rennala, Queen of the Full Moon",numeric_key_match,,not_configured,,False,False,https://soulsmodding.com/doku.php?id=er-refmat:event-flag-list
flag_32070800,32070800,32070800,Magma Wyrm (Gael Tunnel),numeric_key_match,,not_configured,,False,False,https://soulsmodding.com/doku.php?id=er-refmat:event-flag-list
flag_30140800,30140800,30140800,Erdtree Burial Watchdog (Minor Erdtree Catacombs),numeric_key_match,,not_configured,,False,False,https://soulsmodding.com/doku.php?id=er-refmat:event-flag-list
flag_31210800,31210800,31210800,Frenzied Duelist (Gaol Cave),numeric_key_match,,not_configured,,False,False,https://soulsmodding.com/doku.php?id=er-refmat:event-flag-list
flag_30150800,30150800,30150800,Cemetery Shade (Caelid Catacombs),numeric_key_match,,not_configured,,False,False,https://soulsmodding.com/doku.php?id=er-refmat:event-flag-list
flag_32080800,32080800,32080800,Fallingstar Beast (Sellia Crystal Tunnel),numeric_key_match,,not_configured,,False,False,https://soulsmodding.com/doku.php?id=er-refmat:event-flag-list
flag_31110800,31110800,31110800,Crystalians (Sellia Hideaway),numeric_key_match,,not_configured,,False,False,https://soulsmodding.com/doku.php?id=er-refmat:event-flag-list
flag_1048400800,1048400800,1048400800,Mad Pumpkin Head (Dragonbarrow West),numeric_key_match,,not_configured,,False,False,https://soulsmodding.com/doku.php?id=er-refmat:event-flag-list
flag_1048370800,1048370800,1048370800,Decaying Ekzykes (Caelid Highway South),numeric_key_match,,not_configured,,False,False,https://soulsmodding.com/doku.php?id=er-refmat:event-flag-list
flag_1049390800,1049390800,1049390800,Nox Swordress & Nok Monk (West Sellia),numeric_key_match,,not_configured,,False,False,https://soulsmodding.com/doku.php?id=er-refmat:event-flag-list
flag_1049380800,1049380800,1049380800,Commander O'Neil (East Aeonia Swamp),numeric_key_match,,not_configured,,False,False,https://soulsmodding.com/doku.php?id=er-refmat:event-flag-list
flag_1047400800,1047400800,1047400800,Putrid Avatar (Minor Erdtree - Caelid),numeric_key_match,,not_configured,,False,False,https://soulsmodding.com/doku.php?id=er-refmat:event-flag-list
flag_1049370800,1049370800,1049370800,Night's Cavalry (Southern Aeonia Swamp Bank),numeric_key_match,,not_configured,,False,False,https://soulsmodding.com/doku.php?id=er-refmat:event-flag-list
flag_1049370850,1049370850,1049370850,Death Rite Bird (Southern Aeonia Swamp Bank),numeric_key_match,,not_configured,,False,False,https://soulsmodding.com/doku.php?id=er-refmat:event-flag-list
flag_1051360800,1051360800,1051360800,Crucible Knight (Redmane Castle),numeric_key_match,,not_configured,,False,False,https://soulsmodding.com/doku.php?id=er-refmat:event-flag-list
radahn,,1252380800,Starscourge Radahn,alias_by_name_current_flag_not_read,,not_configured,,False,False,https://soulsmodding.com/doku.php?id=er-refmat:event-flag-list
flag_31200800,31200800,31200800,Cleanrot Knight (Abandoned Cave),numeric_key_match,,not_configured,,False,False,https://soulsmodding.com/doku.php?id=er-refmat:event-flag-list
flag_31100800,31100800,31100800,Beastman of Farum Azula (Dragonbarrow Cave),numeric_key_match,,not_configured,,False,False,https://soulsmodding.com/doku.php?id=er-refmat:event-flag-list
flag_30160800,30160800,30160800,Putrid Tree Spirit (War-Dead Catacombs),numeric_key_match,,not_configured,,False,False,https://soulsmodding.com/doku.php?id=er-refmat:event-flag-list
flag_34130800,34130800,34130800,Godskin Apostle (Divine Tower of Caelid),numeric_key_match,,not_configured,,False,False,https://soulsmodding.com/doku.php?id=er-refmat:event-flag-list
flag_1051430800,1051430800,1051430800,Black Blade Kindred (Bestial Sanctum),numeric_key_match,,not_configured,,False,False,https://soulsmodding.com/doku.php?id=er-refmat:event-flag-list
flag_1052410800,1052410800,1052410800,Flying Dragon Greyll (Southeast Farum Greatbridge),numeric_key_match,,not_configured,,False,False,https://soulsmodding.com/doku.php?id=er-refmat:event-flag-list
flag_1051400800,1051400800,1051400800,Putrid Avatar (Minor Erdtree),numeric_key_match,,not_configured,,False,False,https://soulsmodding.com/doku.php?id=er-refmat:event-flag-list
flag_1049390850,1049390850,1049390850,Battlemage (West Sellia),numeric_key_match,1049392856,documented,,False,False,https://soulsmodding.com/doku.php?id=er-refmat:event-flag-list
flag_1052410850,1052410850,1052410850,Night's Cavalry (Lenne's Rise),numeric_key_match,,not_configured,,False,False,https://soulsmodding.com/doku.php?id=er-refmat:event-flag-list
flag_1048410800,1048410800,1048410800,Bell Bearing Hunter (Isolated Merchant's Shack),numeric_key_match,,not_configured,,False,False,https://soulsmodding.com/doku.php?id=er-refmat:event-flag-list
flag_31190850,31190850,31190850,Necromancer Garris (Sage's Cave),numeric_key_match,,not_configured,,False,False,https://soulsmodding.com/doku.php?id=er-refmat:event-flag-list
flag_31190800,31190800,31190800,Black Knife Assassin (Sage's Cave),numeric_key_match,,not_configured,,False,False,https://soulsmodding.com/doku.php?id=er-refmat:event-flag-list
flag_32040800,32040800,32040800,Stonedigger Troll (Old Altus Tunnel),numeric_key_match,,not_configured,,False,False,https://soulsmodding.com/doku.php?id=er-refmat:event-flag-list
flag_32050800,32050800,32050800,Crystalian - Ringblade/Spear (Altus Tunnel),numeric_key_match,,not_configured,,False,False,https://soulsmodding.com/doku.php?id=er-refmat:event-flag-list
flag_1040520800,1040520800,1040520800,Black Knife Assassin (Sainted Hero's Grave Entrance),numeric_key_match,,not_configured,,False,False,https://soulsmodding.com/doku.php?id=er-refmat:event-flag-list
flag_30080800,30080800,30080800,Ancient Hero of Zamor (Sainted Hero's Grave),numeric_key_match,,not_configured,,False,False,https://soulsmodding.com/doku.php?id=er-refmat:event-flag-list
flag_31180800,31180800,31180800,Omenkiller (Perfumer's Grotto),numeric_key_match,,not_configured,,False,False,https://soulsmodding.com/doku.php?id=er-refmat:event-flag-list
flag_30120800,30120800,30120800,Perfumer Tricia (Unsightly Catacombs),numeric_key_match,,not_configured,,False,False,https://soulsmodding.com/doku.php?id=er-refmat:event-flag-list
flag_30070800,30070800,30070800,Erdtree Burial Watchdog (Wyndham Catacombs),numeric_key_match,,not_configured,,False,False,https://soulsmodding.com/doku.php?id=er-refmat:event-flag-list
flag_1041520800,1041520800,1041520800,Ancient Dragon (Altus Tunnel Entrance),numeric_key_match,,not_configured,,False,False,https://soulsmodding.com/doku.php?id=er-refmat:event-flag-list
flag_1038510800,1038510800,,,numeric_key_absent_in_reference,,not_configured,,False,False,
flag_1040530800,1040530800,1040530800,Sanguine Noble (Writheblood Ruins),numeric_key_match,,not_configured,,False,False,https://soulsmodding.com/doku.php?id=er-refmat:event-flag-list
flag_1042550800,1042550800,,,numeric_key_absent_in_reference,,not_configured,,False,False,
flag_1041500800,1041500800,1041500800,Fallingstar Beast (South of Tree Sentinel Duo),numeric_key_match,,not_configured,,False,False,https://soulsmodding.com/doku.php?id=er-refmat:event-flag-list
flag_1041510800,1041510800,1041510800,Tree Sentinels (Tree Sentinel Duo),numeric_key_match,,not_configured,,False,False,https://soulsmodding.com/doku.php?id=er-refmat:event-flag-list
flag_1038520800,1038520800,1038520800,Tibia Mariner (Wyndham Ruins),numeric_key_match,,not_configured,,False,False,https://soulsmodding.com/doku.php?id=er-refmat:event-flag-list
flag_1041530800,1041530800,1041530800,Wormface (Minor Erdtree - Altus Plateau),numeric_key_match,,not_configured,,False,False,https://soulsmodding.com/doku.php?id=er-refmat:event-flag-list
flag_1039500800,1039500800,1039500800,Godrick the Reskinned (Golden Lineage Evergaol),numeric_key_match,1039502806,user_tested,,False,False,https://soulsmodding.com/doku.php?id=er-refmat:event-flag-list
flag_1039510800,1039510800,,,numeric_key_absent_in_reference,,not_configured,,False,False,
flag_1039540800,1039540800,1039540800,Bell Bearing Hunter (Shaded Castle),numeric_key_match,,not_configured,,False,False,https://soulsmodding.com/doku.php?id=er-refmat:event-flag-list
flag_34120800,34120800,34120800,Onyx Lord (Divine Tower of West Altus),numeric_key_match,,not_configured,,False,False,https://soulsmodding.com/doku.php?id=er-refmat:event-flag-list
flag_30130800,30130800,30130800,Grave Warden Duelist (Auriza Side Tomb),numeric_key_match,,not_configured,,False,False,https://soulsmodding.com/doku.php?id=er-refmat:event-flag-list
flag_30100800,30100800,30100800,Crucible Knight Ordovis (Auriza Hero's Grave),numeric_key_match,,not_configured,,False,False,https://soulsmodding.com/doku.php?id=er-refmat:event-flag-list
flag_1045520800,1045520800,1045520800,Draconic Tree Sentinel (Capital Rampart),numeric_key_match,,not_configured,,False,False,https://soulsmodding.com/doku.php?id=er-refmat:event-flag-list
flag_1044530800,1044530800,,,numeric_key_absent_in_reference,,not_configured,,False,False,
flag_1043530800,1043530800,1043530800,Bell Bearing Hunter (Hermit Merchant's Shack),numeric_key_match,,not_configured,,False,False,https://soulsmodding.com/doku.php?id=er-refmat:event-flag-list
flag_31090800,31090800,31090800,Demi-Human Queen Margot (Volcano Cave),numeric_key_match,,not_configured,,False,False,https://soulsmodding.com/doku.php?id=er-refmat:event-flag-list
flag_31070800,31070800,31070800,Kindred of Rot (Seethewater Cave),numeric_key_match,,not_configured,,False,False,https://soulsmodding.com/doku.php?id=er-refmat:event-flag-list
flag_30090800,30090800,30090800,Red Wolf of the Champion (Gelmir Hero's Grave),numeric_key_match,,not_configured,,False,False,https://soulsmodding.com/doku.php?id=er-refmat:event-flag-list
flag_1035530800,1035530800,1035530800,Magma Wyrm (Seethewater Terminus),numeric_key_match,,not_configured,,False,False,https://soulsmodding.com/doku.php?id=er-refmat:event-flag-list
flag_1036540800,1036540800,1036540800,Fallingstar Beast (Ninth Mt. Gelmir Campsite),numeric_key_match,,not_configured,,False,False,https://soulsmodding.com/doku.php?id=er-refmat:event-flag-list
flag_1037530800,1037530800,1037530800,Demi-Human Queen Maggie (Primeval Sorcerer Azur),numeric_key_match,,not_configured,,False,False,https://soulsmodding.com/doku.php?id=er-refmat:event-flag-list
flag_1037540810,1037540810,1037540810,Ulcerated Tree Spirit (Minor Erdtree - Mt. Gelmir),numeric_key_match,,not_configured,,False,False,https://soulsmodding.com/doku.php?id=er-refmat:event-flag-list
flag_16000860,16000860,16000860,Abductor Virgins,numeric_key_match,,not_configured,,False,False,https://soulsmodding.com/doku.php?id=er-refmat:event-flag-list
flag_16000850,16000850,16000850,Godskin Noble,numeric_key_match,,not_configured,,False,False,https://soulsmodding.com/doku.php?id=er-refmat:event-flag-list
flag_16000800,16000800,16000800,"Rykard, Lord of Blasphemy",numeric_key_match,,not_configured,,False,False,https://soulsmodding.com/doku.php?id=er-refmat:event-flag-list
flag_35000850,35000850,35000850,"Esgar, Priest of Blood (Subterranean Shunning-Grounds)",numeric_key_match,,not_configured,,False,False,https://soulsmodding.com/doku.php?id=er-refmat:event-flag-list
flag_34140850,34140850,34140850,Fell Twins (Divine Tower of East Altus),numeric_key_match,,not_configured,,False,False,https://soulsmodding.com/doku.php?id=er-refmat:event-flag-list
flag_35000800,35000800,35000800,"Mohg, The Omen (Subterranean Shunning-Grounds)",numeric_key_match,,not_configured,,False,False,https://soulsmodding.com/doku.php?id=er-refmat:event-flag-list
flag_11000850,11000850,11000850,"Godfrey, First Elden Lord",numeric_key_match,,not_configured,,False,False,https://soulsmodding.com/doku.php?id=er-refmat:event-flag-list
flag_11000800,11000800,11000800,"Morgott, the Omen King",numeric_key_match,,not_configured,,False,False,https://soulsmodding.com/doku.php?id=er-refmat:event-flag-list
flag_1048510800,1048510800,1048510800,Night's Cavalry (Forbidden Lands Midway),numeric_key_match,,not_configured,,False,False,https://soulsmodding.com/doku.php?id=er-refmat:event-flag-list
flag_1049520800,1049520800,1049520800,Black Blade Kindred (Before Grand Lift of Rold),numeric_key_match,,not_configured,,False,False,https://soulsmodding.com/doku.php?id=er-refmat:event-flag-list
flag_30170800,30170800,30170800,Ancient Hero of Zamor (Giant-Conquering Hero's Grave),numeric_key_match,,not_configured,,False,False,https://soulsmodding.com/doku.php?id=er-refmat:event-flag-list
flag_30180800,30180800,30180800,Ulcerated Tree Sprit (Giants' Mountaintop Catacombs),numeric_key_match,,not_configured,,False,False,https://soulsmodding.com/doku.php?id=er-refmat:event-flag-list
flag_31220800,31220800,31220800,Spirit-Caller Snail (Spiritcaller's Cave),numeric_key_match,,not_configured,,False,False,https://soulsmodding.com/doku.php?id=er-refmat:event-flag-list
flag_1254560800,1254560800,1254560800,Borealis the Freezing Fog (Northeast Mountaintops),numeric_key_match,,not_configured,,False,False,https://soulsmodding.com/doku.php?id=er-refmat:event-flag-list
flag_1052560800,1052560800,1052560800,Erdtree Avatar (Minor Erdtree - Mountaintops of the Giants),numeric_key_match,,not_configured,,False,False,https://soulsmodding.com/doku.php?id=er-refmat:event-flag-list
flag_1053560800,1053560800,1053560800,Roundtable Knight Vyke (Lord Contender's Evergaol),numeric_key_match,1053562806,documented,,False,False,https://soulsmodding.com/doku.php?id=er-refmat:event-flag-list
flag_1050570800,1050570800,1050570800,Death Rite Bird (West of Castle Sol),numeric_key_match,,not_configured,,False,False,https://soulsmodding.com/doku.php?id=er-refmat:event-flag-list
flag_1051570800,1051570800,1051570800,Commander Niall (Castle Sol),numeric_key_match,,not_configured,,False,False,https://soulsmodding.com/doku.php?id=er-refmat:event-flag-list
flag_1052520800,1052520800,1052520800,Fire Giant,numeric_key_match,,not_configured,,False,False,https://soulsmodding.com/doku.php?id=er-refmat:event-flag-list
flag_13000850,13000850,13000850,Godskin Duo,numeric_key_match,,not_configured,,False,False,https://soulsmodding.com/doku.php?id=er-refmat:event-flag-list
flag_13000830,13000830,13000830,Dragonlord Placidusax,numeric_key_match,,not_configured,,False,False,https://soulsmodding.com/doku.php?id=er-refmat:event-flag-list
flag_13000800,13000800,13000800,"Maliketh, the Black Blade",numeric_key_match,,not_configured,,False,False,https://soulsmodding.com/doku.php?id=er-refmat:event-flag-list
flag_30200800,30200800,,,numeric_key_absent_in_reference,,not_configured,,False,False,
flag_30190800,30190800,30190800,Putrid Grave Warden Duelist (Consecrated Snowfield Catacombs),numeric_key_match,,not_configured,,False,False,https://soulsmodding.com/doku.php?id=er-refmat:event-flag-list
flag_32110800,32110800,32110800,"Astel, Stars of Darkness",numeric_key_match,,not_configured,,False,False,https://soulsmodding.com/doku.php?id=er-refmat:event-flag-list
flag_31120800,31120800,31120800,Misbegotten Crusader (Cave of the Forlorn),numeric_key_match,,not_configured,,False,False,https://soulsmodding.com/doku.php?id=er-refmat:event-flag-list
flag_1050560800,1050560800,1050560800,Great Wyrm Theodorix (Consecrated Snowfield),numeric_key_match,,not_configured,,False,False,https://soulsmodding.com/doku.php?id=er-refmat:event-flag-list
flag_1050570850,1050570850,1050570850,Putrid Avatar (North of Minor Erdtree - Consecrated Snowfield),numeric_key_match,,not_configured,,False,False,https://soulsmodding.com/doku.php?id=er-refmat:event-flag-list
flag_1248550800,1248550800,1248550800,Night's Cavalry (Southwest Mountaintops),numeric_key_match,,not_configured,,False,False,https://soulsmodding.com/doku.php?id=er-refmat:event-flag-list
flag_1048570800,1048570800,1048570800,"Death Rite Bird (Ordina, Liturgical Town)",numeric_key_match,,not_configured,,False,False,https://soulsmodding.com/doku.php?id=er-refmat:event-flag-list
flag_15000850,15000850,15000850,"Loretta, Knight of the Haligtree",numeric_key_match,,not_configured,,False,False,https://soulsmodding.com/doku.php?id=er-refmat:event-flag-list
flag_15000800,15000800,15000800,"Malenia, Blade of Miquella",numeric_key_match,,not_configured,,False,False,https://soulsmodding.com/doku.php?id=er-refmat:event-flag-list
flag_12020830,12020830,12020830,Dragonkin Soldier of Nokron,numeric_key_match,,not_configured,,False,False,https://soulsmodding.com/doku.php?id=er-refmat:event-flag-list
flag_12080800,12080800,12080800,Ancestor Spirit,numeric_key_match,,not_configured,,False,False,https://soulsmodding.com/doku.php?id=er-refmat:event-flag-list
flag_12020850,12020850,12020850,Mimic Tear,numeric_key_match,,not_configured,,False,False,https://soulsmodding.com/doku.php?id=er-refmat:event-flag-list
flag_12090800,12090800,12090800,Regal Ancestor Spirit,numeric_key_match,,not_configured,,False,False,https://soulsmodding.com/doku.php?id=er-refmat:event-flag-list
flag_12020800,12020800,12020800,Valiant Gargoyles,numeric_key_match,,not_configured,,False,False,https://soulsmodding.com/doku.php?id=er-refmat:event-flag-list
flag_12050800,12050800,12050800,"Mohg, Lord of Blood",numeric_key_match,,not_configured,,False,False,https://soulsmodding.com/doku.php?id=er-refmat:event-flag-list
flag_12010800,12010800,12010800,Dragonkin Soldier of Nokstella,numeric_key_match,,not_configured,,False,False,https://soulsmodding.com/doku.php?id=er-refmat:event-flag-list
flag_12010850,12010850,12010850,Dragonkin Soldier (Lake of Rot),numeric_key_match,,not_configured,,False,False,https://soulsmodding.com/doku.php?id=er-refmat:event-flag-list
flag_12040800,12040800,12040800,"Astel, Naturalborn of the Void",numeric_key_match,,not_configured,,False,False,https://soulsmodding.com/doku.php?id=er-refmat:event-flag-list
flag_12030390,12030390,,,numeric_key_absent_in_reference,,not_configured,,False,False,
flag_12030800,12030800,12030800,Fia's Champion,numeric_key_match,,not_configured,,False,False,https://soulsmodding.com/doku.php?id=er-refmat:event-flag-list
flag_12030850,12030850,12030850,Lichdragon Fortissax,numeric_key_match,,not_configured,,False,False,https://soulsmodding.com/doku.php?id=er-refmat:event-flag-list
flag_11050850,11050850,11050850,Sir Gideon Ofnir,numeric_key_match,,not_configured,,False,False,https://soulsmodding.com/doku.php?id=er-refmat:event-flag-list
flag_11050800,11050800,11050800,Hoarah Loux,numeric_key_match,,not_configured,,False,False,https://soulsmodding.com/doku.php?id=er-refmat:event-flag-list
flag_19000800,19000800,19000800,Elden Beast,numeric_key_match,,not_configured,,False,False,https://soulsmodding.com/doku.php?id=er-refmat:event-flag-list
flag_2045440800,2045440800,2045440800,Ghostflame Dragon (Gravesite Plain),numeric_key_match,,not_configured,,False,False,https://soulsmodding.com/doku.php?id=er-refmat:event-flag-list
flag_2046410800,2046410800,2046410800,Knight of the Solitary Gaol (Gravesite Plain),numeric_key_match,,not_configured,,False,False,https://soulsmodding.com/doku.php?id=er-refmat:event-flag-list
flag_43000800,43000800,43000800,Chief Bloodfiend (Rivermouth Cave),numeric_key_match,,not_configured,,False,False,https://soulsmodding.com/doku.php?id=er-refmat:event-flag-list
flag_41020800,41020800,41020800,Lamenter (Lamenter's Gaol),numeric_key_match,,not_configured,,False,False,https://soulsmodding.com/doku.php?id=er-refmat:event-flag-list
flag_41000800,41000800,41000800,Demi-Human Swordmaster Onze (Belurat Gaol),numeric_key_match,,not_configured,,False,False,https://soulsmodding.com/doku.php?id=er-refmat:event-flag-list
flag_20000800,20000800,20000800,Divine Beast Dancing Lion,numeric_key_match,,not_configured,,False,False,https://soulsmodding.com/doku.php?id=er-refmat:event-flag-list
flag_2048440800,2048440800,2048440800,"Rellana, Twin Moon Knight (Gravesite Plain)",numeric_key_match,,not_configured,,False,False,https://soulsmodding.com/doku.php?id=er-refmat:event-flag-list
flag_2049430800,2049430800,2049430800,Ghostflame Dragon (Scadu Altus),numeric_key_match,,not_configured,,False,False,https://soulsmodding.com/doku.php?id=er-refmat:event-flag-list
flag_2049450800,2049450800,2049450800,Ralva the Great Red Bear (Scadu Altus),numeric_key_match,,not_configured,,False,False,https://soulsmodding.com/doku.php?id=er-refmat:event-flag-list
flag_2044470800,2044470800,2044470800,Rugalea the Great Red Bear (Ancient Ruins of Rauh),numeric_key_match,,not_configured,,False,False,https://soulsmodding.com/doku.php?id=er-refmat:event-flag-list
flag_2049440800,2049440800,,,numeric_key_absent_in_reference,,not_configured,,False,False,
flag_2049430850,2049430850,2049430850,Black Knight Edredd (Scadu Altus),numeric_key_match,,not_configured,,False,False,https://soulsmodding.com/doku.php?id=er-refmat:event-flag-list
flag_2047450800,2047450800,2047450800,Black Knight Garrew (Scadu Altus),numeric_key_match,,not_configured,,False,False,https://soulsmodding.com/doku.php?id=er-refmat:event-flag-list
flag_2046450800,2046450800,2046450800,Red Bear (Gravesite Plain),numeric_key_match,,not_configured,,False,False,https://soulsmodding.com/doku.php?id=er-refmat:event-flag-list
flag_2051440800,2051440800,2051440800,Rakshasa (Scadu Altus),numeric_key_match,,not_configured,,False,False,https://soulsmodding.com/doku.php?id=er-refmat:event-flag-list
flag_25000800,25000800,25000800,"Metyr, Mother of Fingers",numeric_key_match,,not_configured,,False,False,https://soulsmodding.com/doku.php?id=er-refmat:event-flag-list
flag_2051450800,2051450800,2051450800,XXXX,numeric_key_match_unidentified_reference_name,,not_configured,,False,False,https://soulsmodding.com/doku.php?id=er-refmat:event-flag-list
flag_40000800,40000800,40000800,Death Knight (Fog Rift Catacombs),numeric_key_match,,not_configured,,False,False,https://soulsmodding.com/doku.php?id=er-refmat:event-flag-list
flag_40010800,40010800,40010800,Death Knight (Scorpion River Catacombs),numeric_key_match,,not_configured,,False,False,https://soulsmodding.com/doku.php?id=er-refmat:event-flag-list
flag_41010800,41010800,41010800,Curseblade Labirith (Bonny Gaol),numeric_key_match,,not_configured,,False,False,https://soulsmodding.com/doku.php?id=er-refmat:event-flag-list
flag_21000850,21000850,21000850,Golden Hippopotamus,numeric_key_match,,not_configured,,False,False,https://soulsmodding.com/doku.php?id=er-refmat:event-flag-list
flag_21010800,21010800,21010800,Messmer the Impaler,numeric_key_match,,not_configured,,False,False,https://soulsmodding.com/doku.php?id=er-refmat:event-flag-list
flag_2046460800,2046460800,2046460800,Divine Beast Dancing Lion (Gravesite Plain),numeric_key_match,,not_configured,,False,False,https://soulsmodding.com/doku.php?id=er-refmat:event-flag-list
flag_2044450800,2044450800,2044450800,"Romina, Saint of the Bud (Ancient Ruins of Rauh)",numeric_key_match,,not_configured,,False,False,https://soulsmodding.com/doku.php?id=er-refmat:event-flag-list
flag_2048380850,2048380850,2048380850,Ghostflame Dragon (Scadu Altus),numeric_key_match,,not_configured,,False,False,https://soulsmodding.com/doku.php?id=er-refmat:event-flag-list
flag_2046380800,2046380800,2046380800,Dancer of Ranah (Cerulean Coast),numeric_key_match,,not_configured,,False,False,https://soulsmodding.com/doku.php?id=er-refmat:event-flag-list
flag_22000800,22000800,22000800,Putrescent Knight,numeric_key_match,,not_configured,,False,False,https://soulsmodding.com/doku.php?id=er-refmat:event-flag-list
flag_2047390800,2047390800,2047390800,Death Rite Bird (Cerulean Coast),numeric_key_match,,not_configured,,False,False,https://soulsmodding.com/doku.php?id=er-refmat:event-flag-list
flag_2046400800,2046400800,2046400800,Demi-Human Queen Marigga (Cerulean Coast),numeric_key_match,,not_configured,,False,False,https://soulsmodding.com/doku.php?id=er-refmat:event-flag-list
flag_2049410800,2049410800,2049410800,Jagged Peak Drake (Jagged Peak),numeric_key_match,,not_configured,,False,False,https://soulsmodding.com/doku.php?id=er-refmat:event-flag-list
flag_2052400800,2052400800,2052400800,XXXX,numeric_key_match_unidentified_reference_name,,not_configured,,False,False,https://soulsmodding.com/doku.php?id=er-refmat:event-flag-list
flag_43010800,43010800,43010800,Ancient Dragon-man (Dragon's Pit),numeric_key_match,,not_configured,,False,False,https://soulsmodding.com/doku.php?id=er-refmat:event-flag-list
flag_2054390850,2054390850,2054390850,Ancient Dragon Senessax (Jagged Peak,numeric_key_match,,not_configured,,False,False,https://soulsmodding.com/doku.php?id=er-refmat:event-flag-list
flag_2054390800,2054390800,2054390800,Bayle the Dread (Jagged Peak),numeric_key_match,,not_configured,,False,False,https://soulsmodding.com/doku.php?id=er-refmat:event-flag-list
flag_2050470800,2050470800,2050470800,Tree Sentinel (Hinterland),numeric_key_match,,not_configured,,False,False,https://soulsmodding.com/doku.php?id=er-refmat:event-flag-list
flag_2050480860,2050480860,2050480860,Tree Sentinel (Hinterland),numeric_key_match,,not_configured,,False,False,https://soulsmodding.com/doku.php?id=er-refmat:event-flag-list
flag_2052480800,2052480800,2052480800,Fallingstar Beast,numeric_key_match,,not_configured,,False,False,https://soulsmodding.com/doku.php?id=er-refmat:event-flag-list
flag_2049480800,2049480800,2049480800,Commander Gaius (Scadu Altus),numeric_key_match,,not_configured,,False,False,https://soulsmodding.com/doku.php?id=er-refmat:event-flag-list
flag_2050480800,2050480800,2050480800,Scadutree Avatar (Scaduview),numeric_key_match,,not_configured,,False,False,https://soulsmodding.com/doku.php?id=er-refmat:event-flag-list
flag_2052430800,2052430800,2052430800,"Jori, the Elder Inquisitor (Abyssal Woods)",numeric_key_match,,not_configured,,False,False,https://soulsmodding.com/doku.php?id=er-refmat:event-flag-list
flag_28000800,28000800,28000800,"Midra, Lord of Frenzied Flame",numeric_key_match,,not_configured,,False,False,https://soulsmodding.com/doku.php?id=er-refmat:event-flag-list
flag_20010800,20010800,20010800,Promised Consort Radahn,numeric_key_match,,not_configured,,False,False,https://soulsmodding.com/doku.php?id=er-refmat:event-flag-list
