flag_id,description,role,source
10000800,Godrick the Grafted,boss_defeated,https://soulsmodding.com/doku.php?id=er-refmat:event-flag-list
10000850,Margit the Fell Omen,boss_defeated,https://soulsmodding.com/doku.php?id=er-refmat:event-flag-list
10010800,Grafted Scion (Chapel of Anticipation),boss_defeated,https://soulsmodding.com/doku.php?id=er-refmat:event-flag-list
11000800,"Morgott, the Omen King",boss_defeated,https://soulsmodding.com/doku.php?id=er-refmat:event-flag-list
11000850,"Godfrey, First Elden Lord",boss_defeated,https://soulsmodding.com/doku.php?id=er-refmat:event-flag-list
11050800,Hoarah Loux,boss_defeated,https://soulsmodding.com/doku.php?id=er-refmat:event-flag-list
11050850,Sir Gideon Ofnir,boss_defeated,https://soulsmodding.com/doku.php?id=er-refmat:event-flag-list
12010800,Dragonkin Soldier of Nokstella,boss_defeated,https://soulsmodding.com/doku.php?id=er-refmat:event-flag-list
12010850,Dragonkin Soldier (Lake of Rot),boss_defeated,https://soulsmodding.com/doku.php?id=er-refmat:event-flag-list
12020800,Valiant Gargoyles,boss_defeated,https://soulsmodding.com/doku.php?id=er-refmat:event-flag-list
12020830,Dragonkin Soldier of Nokron,boss_defeated,https://soulsmodding.com/doku.php?id=er-refmat:event-flag-list
12020850,Mimic Tear,boss_defeated,https://soulsmodding.com/doku.php?id=er-refmat:event-flag-list
12020390,Crucible Knight,boss_defeated,https://soulsmodding.com/doku.php?id=er-refmat:event-flag-list
12030800,Fia's Champion,boss_defeated,https://soulsmodding.com/doku.php?id=er-refmat:event-flag-list
12030850,Lichdragon Fortissax,boss_defeated,https://soulsmodding.com/doku.php?id=er-refmat:event-flag-list
12040800,"Astel, Naturalborn of the Void",boss_defeated,https://soulsmodding.com/doku.php?id=er-refmat:event-flag-list
12050800,"Mohg, Lord of Blood",boss_defeated,https://soulsmodding.com/doku.php?id=er-refmat:event-flag-list
12080800,Ancestor Spirit,boss_defeated,https://soulsmodding.com/doku.php?id=er-refmat:event-flag-list
12090800,Regal Ancestor Spirit,boss_defeated,https://soulsmodding.com/doku.php?id=er-refmat:event-flag-list
13000800,"Maliketh, the Black Blade",boss_defeated,https://soulsmodding.com/doku.php?id=er-refmat:event-flag-list
13000830,Dragonlord Placidusax,boss_defeated,https://soulsmodding.com/doku.php?id=er-refmat:event-flag-list
13000850,Godskin Duo,boss_defeated,https://soulsmodding.com/doku.php?id=er-refmat:event-flag-list
14000800,"Rennala, Queen of the Full Moon",boss_defeated,https://soulsmodding.com/doku.php?id=er-refmat:event-flag-list
14000850,Red Wolf of Radagon,boss_defeated,https://soulsmodding.com/doku.php?id=er-refmat:event-flag-list
15000800,"Malenia, Blade of Miquella",boss_defeated,https://soulsmodding.com/doku.php?id=er-refmat:event-flag-list
15000850,"Loretta, Knight of the Haligtree",boss_defeated,https://soulsmodding.com/doku.php?id=er-refmat:event-flag-list
16000800,"Rykard, Lord of Blasphemy",boss_defeated,https://soulsmodding.com/doku.php?id=er-refmat:event-flag-list
16000850,Godskin Noble,boss_defeated,https://soulsmodding.com/doku.php?id=er-refmat:event-flag-list
16000860,Abductor Virgins,boss_defeated,https://soulsmodding.com/doku.php?id=er-refmat:event-flag-list
18000800,Ulcerated Tree Spirit,boss_defeated,https://soulsmodding.com/doku.php?id=er-refmat:event-flag-list
18000850,Soldier of Godrick,boss_defeated,https://soulsmodding.com/doku.php?id=er-refmat:event-flag-list
19000800,Elden Beast,boss_defeated,https://soulsmodding.com/doku.php?id=er-refmat:event-flag-list
20000800,Divine Beast Dancing Lion,boss_defeated,https://soulsmodding.com/doku.php?id=er-refmat:event-flag-list
20010800,Promised Consort Radahn,boss_defeated,https://soulsmodding.com/doku.php?id=er-refmat:event-flag-list
21000850,Golden Hippopotamus,boss_defeated,https://soulsmodding.com/doku.php?id=er-refmat:event-flag-list
21010800,Messmer the Impaler,boss_defeated,https://soulsmodding.com/doku.php?id=er-refmat:event-flag-list
22000800,Putrescent Knight,boss_defeated,https://soulsmodding.com/doku.php?id=er-refmat:event-flag-list
25000800,"Metyr, Mother of Fingers",boss_defeated,https://soulsmodding.com/doku.php?id=er-refmat:event-flag-list
28000800,"Midra, Lord of Frenzied Flame",boss_defeated,https://soulsmodding.com/doku.php?id=er-refmat:event-flag-list
30000800,Cemetery Shade (Tombsward Catacombs),boss_defeated,https://soulsmodding.com/doku.php?id=er-refmat:event-flag-list
30010800,Erdtree Burial Watchdog (Impaler's Catacombs),boss_defeated,https://soulsmodding.com/doku.php?id=er-refmat:event-flag-list
30020800,Erdtree Burial Watchdog (Stormfoot Catacombs),boss_defeated,https://soulsmodding.com/doku.php?id=er-refmat:event-flag-list
30030800,Spirit-Caller Snail (Road's End Catacombs),boss_defeated,https://soulsmodding.com/doku.php?id=er-refmat:event-flag-list
30040800,Grave Warden Duelist (Murkwater Catacombs),boss_defeated,https://soulsmodding.com/doku.php?id=er-refmat:event-flag-list
30050800,Cemetery Shade (Black Knife Catacombs),boss_defeated,https://soulsmodding.com/doku.php?id=er-refmat:event-flag-list
30050850,Black Knife Assassin (Black Knife Catacombs),boss_defeated,https://soulsmodding.com/doku.php?id=er-refmat:event-flag-list
30060800,Erdtree Burial Watchdog (Cliffbottom Catacombs),boss_defeated,https://soulsmodding.com/doku.php?id=er-refmat:event-flag-list
30070800,Erdtree Burial Watchdog (Wyndham Catacombs),boss_defeated,https://soulsmodding.com/doku.php?id=er-refmat:event-flag-list
30080800,Ancient Hero of Zamor (Sainted Hero's Grave),boss_defeated,https://soulsmodding.com/doku.php?id=er-refmat:event-flag-list
30090800,Red Wolf of the Champion (Gelmir Hero's Grave),boss_defeated,https://soulsmodding.com/doku.php?id=er-refmat:event-flag-list
30100800,Crucible Knight Ordovis (Auriza Hero's Grave),boss_defeated,https://soulsmodding.com/doku.php?id=er-refmat:event-flag-list
30110800,Black Knife Assassin (Deathtouched Catacombs),boss_defeated,https://soulsmodding.com/doku.php?id=er-refmat:event-flag-list
30120800,Perfumer Tricia (Unsightly Catacombs),boss_defeated,https://soulsmodding.com/doku.php?id=er-refmat:event-flag-list
30130800,Grave Warden Duelist (Auriza Side Tomb),boss_defeated,https://soulsmodding.com/doku.php?id=er-refmat:event-flag-list
30140800,Erdtree Burial Watchdog (Minor Erdtree Catacombs),boss_defeated,https://soulsmodding.com/doku.php?id=er-refmat:event-flag-list
30150800,Cemetery Shade (Caelid Catacombs),boss_defeated,https://soulsmodding.com/doku.php?id=er-refmat:event-flag-list
30160800,Putrid Tree Spirit (War-Dead Catacombs),boss_defeated,https://soulsmodding.com/doku.php?id=er-refmat:event-flag-list
30170800,Ancient Hero of Zamor (Giant-Conquering Hero's Grave),boss_defeated,https://soulsmodding.com/doku.php?id=er-refmat:event-flag-list
30180800,Ulcerated Tree Sprit (Giants' Mountaintop Catacombs),boss_defeated,https://soulsmodding.com/doku.php?id=er-refmat:event-flag-list
30190800,Putrid Grave Warden Duelist (Consecrated Snowfield Catacombs),boss_defeated,https://soulsmodding.com/doku.php?id=er-refmat:event-flag-list
30200810,Stray Mimic Tear (Hidden Path to the Haligtree),boss_defeated,https://soulsmodding.com/doku.php?id=er-refmat:event-flag-list
31000800,Patches (Murkwater Cave),boss_defeated,https://soulsmodding.com/doku.php?id=er-refmat:event-flag-list
31010800,Runebear (Earthbore Cave),boss_defeated,https://soulsmodding.com/doku.php?id=er-refmat:event-flag-list
31020800,Miranda the Blighted Bloom (Tombsward Cave),boss_defeated,https://soulsmodding.com/doku.php?id=er-refmat:event-flag-list
31030800,Beastman of Farum Azula (Groveside Cave),boss_defeated,https://soulsmodding.com/doku.php?id=er-refmat:event-flag-list
31040800,Cleanrot Knight (Stillwater Cave),boss_defeated,https://soulsmodding.com/doku.php?id=er-refmat:event-flag-list
31050800,Bloodhound Knight (Lakeside Crystal Cave),boss_defeated,https://soulsmodding.com/doku.php?id=er-refmat:event-flag-list
31060800,Crystalians (Academy Crystal Cave),boss_defeated,https://soulsmodding.com/doku.php?id=er-refmat:event-flag-list
31070800,Kindred of Rot (Seethewater Cave),boss_defeated,https://soulsmodding.com/doku.php?id=er-refmat:event-flag-list
31090800,Demi-Human Queen Margot (Volcano Cave),boss_defeated,https://soulsmodding.com/doku.php?id=er-refmat:event-flag-list
31100800,Beastman of Farum Azula (Dragonbarrow Cave),boss_defeated,https://soulsmodding.com/doku.php?id=er-refmat:event-flag-list
31110800,Crystalians (Sellia Hideaway),boss_defeated,https://soulsmodding.com/doku.php?id=er-refmat:event-flag-list
31120800,Misbegotten Crusader (Cave of the Forlorn),boss_defeated,https://soulsmodding.com/doku.php?id=er-refmat:event-flag-list
31150800,Demi-Human Chief (Coastal Cave),boss_defeated,https://soulsmodding.com/doku.php?id=er-refmat:event-flag-list
31170800,Guardian Golem (Highroad Cave),boss_defeated,https://soulsmodding.com/doku.php?id=er-refmat:event-flag-list
31180800,Omenkiller (Perfumer's Grotto),boss_defeated,https://soulsmodding.com/doku.php?id=er-refmat:event-flag-list
31190800,Black Knife Assassin (Sage's Cave),boss_defeated,https://soulsmodding.com/doku.php?id=er-refmat:event-flag-list
31190850,Necromancer Garris (Sage's Cave),boss_defeated,https://soulsmodding.com/doku.php?id=er-refmat:event-flag-list
31200800,Cleanrot Knight (Abandoned Cave),boss_defeated,https://soulsmodding.com/doku.php?id=er-refmat:event-flag-list
31210800,Frenzied Duelist (Gaol Cave),boss_defeated,https://soulsmodding.com/doku.php?id=er-refmat:event-flag-list
31220800,Spirit-Caller Snail (Spiritcaller's Cave),boss_defeated,https://soulsmodding.com/doku.php?id=er-refmat:event-flag-list
32000800,Scaly Misbegotten (Morne Tunnel),boss_defeated,https://soulsmodding.com/doku.php?id=er-refmat:event-flag-list
32010800,Stonedigger Troll (Limgrave Tunnels),boss_defeated,https://soulsmodding.com/doku.php?id=er-refmat:event-flag-list
32020800,Crystalian - Ringblade (Raya Lucaria Crystal Tunnel),boss_defeated,https://soulsmodding.com/doku.php?id=er-refmat:event-flag-list
32040800,Stonedigger Troll (Old Altus Tunnel),boss_defeated,https://soulsmodding.com/doku.php?id=er-refmat:event-flag-list
32050800,Crystalian - Ringblade/Spear (Altus Tunnel),boss_defeated,https://soulsmodding.com/doku.php?id=er-refmat:event-flag-list
32070800,Magma Wyrm (Gael Tunnel),boss_defeated,https://soulsmodding.com/doku.php?id=er-refmat:event-flag-list
32080800,Fallingstar Beast (Sellia Crystal Tunnel),boss_defeated,https://soulsmodding.com/doku.php?id=er-refmat:event-flag-list
32110800,"Astel, Stars of Darkness",boss_defeated,https://soulsmodding.com/doku.php?id=er-refmat:event-flag-list
34120800,Onyx Lord (Divine Tower of West Altus),boss_defeated,https://soulsmodding.com/doku.php?id=er-refmat:event-flag-list
34130800,Godskin Apostle (Divine Tower of Caelid),boss_defeated,https://soulsmodding.com/doku.php?id=er-refmat:event-flag-list
34140850,Fell Twins (Divine Tower of East Altus),boss_defeated,https://soulsmodding.com/doku.php?id=er-refmat:event-flag-list
35000800,"Mohg, The Omen (Subterranean Shunning-Grounds)",boss_defeated,https://soulsmodding.com/doku.php?id=er-refmat:event-flag-list
35000850,"Esgar, Priest of Blood (Subterranean Shunning-Grounds)",boss_defeated,https://soulsmodding.com/doku.php?id=er-refmat:event-flag-list
39200800,Magma Wyrm Makar (Ruin-Strewn Precipice),boss_defeated,https://soulsmodding.com/doku.php?id=er-refmat:event-flag-list
40000800,Death Knight (Fog Rift Catacombs),boss_defeated,https://soulsmodding.com/doku.php?id=er-refmat:event-flag-list
40010800,Death Knight (Scorpion River Catacombs),boss_defeated,https://soulsmodding.com/doku.php?id=er-refmat:event-flag-list
41000800,Demi-Human Swordmaster Onze (Belurat Gaol),boss_defeated,https://soulsmodding.com/doku.php?id=er-refmat:event-flag-list
41010800,Curseblade Labirith (Bonny Gaol),boss_defeated,https://soulsmodding.com/doku.php?id=er-refmat:event-flag-list
41020800,Lamenter (Lamenter's Gaol),boss_defeated,https://soulsmodding.com/doku.php?id=er-refmat:event-flag-list
43000800,Chief Bloodfiend (Rivermouth Cave),boss_defeated,https://soulsmodding.com/doku.php?id=er-refmat:event-flag-list
43010800,Ancient Dragon-man (Dragon's Pit),boss_defeated,https://soulsmodding.com/doku.php?id=er-refmat:event-flag-list
1033420800,Alecto Black Knife Ringleader (Moonlight Altar),boss_defeated,https://soulsmodding.com/doku.php?id=er-refmat:event-flag-list
1033430800,Erdtree Avatar (Minor Erdtree - Liurnia),boss_defeated,https://soulsmodding.com/doku.php?id=er-refmat:event-flag-list
1033450800,"Bols, Carian Knight (Cuckoo's Evergaol)",boss_defeated,https://soulsmodding.com/doku.php?id=er-refmat:event-flag-list
1034420800,Glintstone Dragon Adula (Moonfolk Ruins),boss_defeated,https://soulsmodding.com/doku.php?id=er-refmat:event-flag-list
1034450800,Glintstone Dragon Smarag (Meeting Place),boss_defeated,https://soulsmodding.com/doku.php?id=er-refmat:event-flag-list
1034480800,Royal Revenant (Kingsrealm Ruins),boss_defeated,https://soulsmodding.com/doku.php?id=er-refmat:event-flag-list
1034500800,Glintstone Dragon Adula (Ranni's Rise),boss_defeated,https://soulsmodding.com/doku.php?id=er-refmat:event-flag-list
1035420800,Omenkiller (Albinauric Village),boss_defeated,https://soulsmodding.com/doku.php?id=er-refmat:event-flag-list
1035500800,"Loretta, Royal Knight (Caria Manor)",boss_defeated,https://soulsmodding.com/doku.php?id=er-refmat:event-flag-list
1035530800,Magma Wyrm (Seethewater Terminus),boss_defeated,https://soulsmodding.com/doku.php?id=er-refmat:event-flag-list
1036450340,Death Rite Bird (Gate Town Northwest),boss_defeated,https://soulsmodding.com/doku.php?id=er-refmat:event-flag-list
1036480340,Night's Cavalry (East Raya Lucaria Gate),boss_defeated,https://soulsmodding.com/doku.php?id=er-refmat:event-flag-list
1036500800,Onyx Lord (Royal Grave Evergaol),boss_defeated,https://soulsmodding.com/doku.php?id=er-refmat:event-flag-list
1036540800,Fallingstar Beast (Ninth Mt. Gelmir Campsite),boss_defeated,https://soulsmodding.com/doku.php?id=er-refmat:event-flag-list
1037420340,Death Rite Bird (Laskyar Ruins),boss_defeated,https://soulsmodding.com/doku.php?id=er-refmat:event-flag-list
1037460800,Bell Bearing Hunter (Church of Vows),boss_defeated,https://soulsmodding.com/doku.php?id=er-refmat:event-flag-list
1037510800,Ancient Dragon Lansseax (Abandoned Coffin),boss_defeated,https://soulsmodding.com/doku.php?id=er-refmat:event-flag-list
1037530800,Demi-Human Queen Maggie (Primeval Sorcerer Azur),boss_defeated,https://soulsmodding.com/doku.php?id=er-refmat:event-flag-list
1037540810,Ulcerated Tree Spirit (Minor Erdtree - Mt. Gelmir),boss_defeated,https://soulsmodding.com/doku.php?id=er-refmat:event-flag-list
1038410800,"Adan, Thief of Fire (Malefactor's Evergaol)",boss_defeated,https://soulsmodding.com/doku.php?id=er-refmat:event-flag-list
1038480800,Erdtree Avatar (Minor Erdtree - Bellum Highway),boss_defeated,https://soulsmodding.com/doku.php?id=er-refmat:event-flag-list
1038520800,Tibia Mariner (Wyndham Ruins),boss_defeated,https://soulsmodding.com/doku.php?id=er-refmat:event-flag-list
1039430340,Night's Cavalry (Liurnia Highway Far North),boss_defeated,https://soulsmodding.com/doku.php?id=er-refmat:event-flag-list
1039440800,Tibia Mariner (Divine Tower of Liurnia Entrance),boss_defeated,https://soulsmodding.com/doku.php?id=er-refmat:event-flag-list
1039500800,Godrick the Reskinned (Golden Lineage Evergaol),boss_defeated,https://soulsmodding.com/doku.php?id=er-refmat:event-flag-list
1043530800,Bell Bearing Hunter (Hermit Merchant's Shack),boss_defeated,https://soulsmodding.com/doku.php?id=er-refmat:event-flag-list
1039540800,Bell Bearing Hunter (Shaded Castle),boss_defeated,https://soulsmodding.com/doku.php?id=er-refmat:event-flag-list
1040520800,Black Knife Assassin (Sainted Hero's Grave Entrance),boss_defeated,https://soulsmodding.com/doku.php?id=er-refmat:event-flag-list
1040530800,Sanguine Noble (Writheblood Ruins),boss_defeated,https://soulsmodding.com/doku.php?id=er-refmat:event-flag-list
1041500800,Fallingstar Beast (South of Tree Sentinel Duo),boss_defeated,https://soulsmodding.com/doku.php?id=er-refmat:event-flag-list
1041510800,Tree Sentinels (Tree Sentinel Duo),boss_defeated,https://soulsmodding.com/doku.php?id=er-refmat:event-flag-list
1041520800,Ancient Dragon (Altus Tunnel Entrance),boss_defeated,https://soulsmodding.com/doku.php?id=er-refmat:event-flag-list
1041530800,Wormface (Minor Erdtree - Altus Plateau),boss_defeated,https://soulsmodding.com/doku.php?id=er-refmat:event-flag-list
1042330800,Ancient Hero of Zamor (Weeping Evergaol),boss_defeated,https://soulsmodding.com/doku.php?id=er-refmat:event-flag-list
1042360800,Tree Sentinel (Church of Elleh),boss_defeated,https://soulsmodding.com/doku.php?id=er-refmat:event-flag-list
1042370800,Crucible Knight (Stormhill Evergaol),boss_defeated,https://soulsmodding.com/doku.php?id=er-refmat:event-flag-list
1042380800,Death Rite Bird (Stormgate),boss_defeated,https://soulsmodding.com/doku.php?id=er-refmat:event-flag-list
1042380850,Bell Bearing Hunter (Warmaster's Shack),boss_defeated,https://soulsmodding.com/doku.php?id=er-refmat:event-flag-list
1043300800,Leonine Misbegotten (Morne Moangrave),boss_defeated,https://soulsmodding.com/doku.php?id=er-refmat:event-flag-list
1043330800,Erdtree Avatar (Minor Erdtree - Weeping Peninsula),boss_defeated,https://soulsmodding.com/doku.php?id=er-refmat:event-flag-list
1043360800,Flying Dragon Agheel (Agheel Lake),boss_defeated,https://soulsmodding.com/doku.php?id=er-refmat:event-flag-list
1043370800,Night's Cavalry (Agheel Lake North),boss_defeated,https://soulsmodding.com/doku.php?id=er-refmat:event-flag-list
1044320800,Death Rite Bird (Castle Morne Approach North),boss_defeated,https://soulsmodding.com/doku.php?id=er-refmat:event-flag-list
1044320850,Night's Cavalry (Castle Morne Approach North),boss_defeated,https://soulsmodding.com/doku.php?id=er-refmat:event-flag-list
1044350800,Bloodhound Knight Darriwil,boss_defeated,https://soulsmodding.com/doku.php?id=er-refmat:event-flag-list
1044360800,Mad Pumpkin Head (Waypoint Ruins),boss_defeated,https://soulsmodding.com/doku.php?id=er-refmat:event-flag-list
1045390800,Tibia Mariner (Summonwater Village),boss_defeated,https://soulsmodding.com/doku.php?id=er-refmat:event-flag-list
1045520800,Draconic Tree Sentinel (Capital Rampart),boss_defeated,https://soulsmodding.com/doku.php?id=er-refmat:event-flag-list
1047400800,Putrid Avatar (Minor Erdtree - Caelid),boss_defeated,https://soulsmodding.com/doku.php?id=er-refmat:event-flag-list
1048370800,Decaying Ekzykes (Caelid Highway South),boss_defeated,https://soulsmodding.com/doku.php?id=er-refmat:event-flag-list
1048400800,Mad Pumpkin Head (Dragonbarrow West),boss_defeated,https://soulsmodding.com/doku.php?id=er-refmat:event-flag-list
1048410800,Bell Bearing Hunter (Isolated Merchant's Shack),boss_defeated,https://soulsmodding.com/doku.php?id=er-refmat:event-flag-list
1048510800,Night's Cavalry (Forbidden Lands Midway),boss_defeated,https://soulsmodding.com/doku.php?id=er-refmat:event-flag-list
1048570800,"Death Rite Bird (Ordina, Liturgical Town)",boss_defeated,https://soulsmodding.com/doku.php?id=er-refmat:event-flag-list
1049370800,Night's Cavalry (Southern Aeonia Swamp Bank),boss_defeated,https://soulsmodding.com/doku.php?id=er-refmat:event-flag-list
1049370850,Death Rite Bird (Southern Aeonia Swamp Bank),boss_defeated,https://soulsmodding.com/doku.php?id=er-refmat:event-flag-list
1049380800,Commander O'Neil (East Aeonia Swamp),boss_defeated,https://soulsmodding.com/doku.php?id=er-refmat:event-flag-list
1049390800,Nox Swordress & Nok Monk (West Sellia),boss_defeated,https://soulsmodding.com/doku.php?id=er-refmat:event-flag-list
1049390850,Battlemage (West Sellia),boss_defeated,https://soulsmodding.com/doku.php?id=er-refmat:event-flag-list
1049520800,Black Blade Kindred (Before Grand Lift of Rold),boss_defeated,https://soulsmodding.com/doku.php?id=er-refmat:event-flag-list
1050560800,Great Wyrm Theodorix (Consecrated Snowfield),boss_defeated,https://soulsmodding.com/doku.php?id=er-refmat:event-flag-list
1050570800,Death Rite Bird (West of Castle Sol),boss_defeated,https://soulsmodding.com/doku.php?id=er-refmat:event-flag-list
1050570850,Putrid Avatar (North of Minor Erdtree - Consecrated Snowfield),boss_defeated,https://soulsmodding.com/doku.php?id=er-refmat:event-flag-list
1051360800,Crucible Knight (Redmane Castle),boss_defeated,https://soulsmodding.com/doku.php?id=er-refmat:event-flag-list
1051400800,Putrid Avatar (Minor Erdtree),boss_defeated,https://soulsmodding.com/doku.php?id=er-refmat:event-flag-list
1051430800,Black Blade Kindred (Bestial Sanctum),boss_defeated,https://soulsmodding.com/doku.php?id=er-refmat:event-flag-list
1051570800,Commander Niall (Castle Sol),boss_defeated,https://soulsmodding.com/doku.php?id=er-refmat:event-flag-list
1252380800,Starscourge Radahn,boss_defeated,https://soulsmodding.com/doku.php?id=er-refmat:event-flag-list
1052410800,Flying Dragon Greyll (Southeast Farum Greatbridge),boss_defeated,https://soulsmodding.com/doku.php?id=er-refmat:event-flag-list
1052410850,Night's Cavalry (Lenne's Rise),boss_defeated,https://soulsmodding.com/doku.php?id=er-refmat:event-flag-list
1052520800,Fire Giant,boss_defeated,https://soulsmodding.com/doku.php?id=er-refmat:event-flag-list
1052560800,Erdtree Avatar (Minor Erdtree - Mountaintops of the Giants),boss_defeated,https://soulsmodding.com/doku.php?id=er-refmat:event-flag-list
1053560800,Roundtable Knight Vyke (Lord Contender's Evergaol),boss_defeated,https://soulsmodding.com/doku.php?id=er-refmat:event-flag-list
1254560800,Borealis the Freezing Fog (Northeast Mountaintops),boss_defeated,https://soulsmodding.com/doku.php?id=er-refmat:event-flag-list
1248550800,Night's Cavalry (Southwest Mountaintops),boss_defeated,https://soulsmodding.com/doku.php?id=er-refmat:event-flag-list
2044450800,"Romina, Saint of the Bud (Ancient Ruins of Rauh)",boss_defeated,https://soulsmodding.com/doku.php?id=er-refmat:event-flag-list
2044470800,Rugalea the Great Red Bear (Ancient Ruins of Rauh),boss_defeated,https://soulsmodding.com/doku.php?id=er-refmat:event-flag-list
2045440800,Ghostflame Dragon (Gravesite Plain),boss_defeated,https://soulsmodding.com/doku.php?id=er-refmat:event-flag-list
2046380800,Dancer of Ranah (Cerulean Coast),boss_defeated,https://soulsmodding.com/doku.php?id=er-refmat:event-flag-list
2046400800,Demi-Human Queen Marigga (Cerulean Coast),boss_defeated,https://soulsmodding.com/doku.php?id=er-refmat:event-flag-list
2046410800,Knight of the Solitary Gaol (Gravesite Plain),boss_defeated,https://soulsmodding.com/doku.php?id=er-refmat:event-flag-list
2046450800,Red Bear (Gravesite Plain),boss_defeated,https://soulsmodding.com/doku.php?id=er-refmat:event-flag-list
2046460800,Divine Beast Dancing Lion (Gravesite Plain),boss_defeated,https://soulsmodding.com/doku.php?id=er-refmat:event-flag-list
2047390800,Death Rite Bird (Cerulean Coast),boss_defeated,https://soulsmodding.com/doku.php?id=er-refmat:event-flag-list
2047450800,Black Knight Garrew (Scadu Altus),boss_defeated,https://soulsmodding.com/doku.php?id=er-refmat:event-flag-list
2048380850,Ghostflame Dragon (Scadu Altus),boss_defeated,https://soulsmodding.com/doku.php?id=er-refmat:event-flag-list
2048440800,"Rellana, Twin Moon Knight (Gravesite Plain)",boss_defeated,https://soulsmodding.com/doku.php?id=er-refmat:event-flag-list
2049410800,Jagged Peak Drake (Jagged Peak),boss_defeated,https://soulsmodding.com/doku.php?id=er-refmat:event-flag-list
2049430800,Ghostflame Dragon (Scadu Altus),boss_defeated,https://soulsmodding.com/doku.php?id=er-refmat:event-flag-list
2049430850,Black Knight Edredd (Scadu Altus),boss_defeated,https://soulsmodding.com/doku.php?id=er-refmat:event-flag-list
2049450800,Ralva the Great Red Bear (Scadu Altus),boss_defeated,https://soulsmodding.com/doku.php?id=er-refmat:event-flag-list
2049480800,Commander Gaius (Scadu Altus),boss_defeated,https://soulsmodding.com/doku.php?id=er-refmat:event-flag-list
2050470800,Tree Sentinel (Hinterland),boss_defeated,https://soulsmodding.com/doku.php?id=er-refmat:event-flag-list
2050480800,Scadutree Avatar (Scaduview),boss_defeated,https://soulsmodding.com/doku.php?id=er-refmat:event-flag-list
2050480860,Tree Sentinel (Hinterland),boss_defeated,https://soulsmodding.com/doku.php?id=er-refmat:event-flag-list
2051440800,Rakshasa (Scadu Altus),boss_defeated,https://soulsmodding.com/doku.php?id=er-refmat:event-flag-list
2051450800,XXXX,boss_defeated,https://soulsmodding.com/doku.php?id=er-refmat:event-flag-list
2052400800,XXXX,boss_defeated,https://soulsmodding.com/doku.php?id=er-refmat:event-flag-list
2052430800,"Jori, the Elder Inquisitor (Abyssal Woods)",boss_defeated,https://soulsmodding.com/doku.php?id=er-refmat:event-flag-list
2052480800,Fallingstar Beast,boss_defeated,https://soulsmodding.com/doku.php?id=er-refmat:event-flag-list
2054390800,Bayle the Dread (Jagged Peak),boss_defeated,https://soulsmodding.com/doku.php?id=er-refmat:event-flag-list
2054390850,Ancient Dragon Senessax (Jagged Peak,boss_defeated,https://soulsmodding.com/doku.php?id=er-refmat:event-flag-list
