time,elapsed_seconds,raw,state,transition,identity_status,boss_id,boss_name,screen_state,latency_ms,marker,error
2026-10-02T14:19:09.394139+00:00,1.061,,unavailable,,not_attributed,,,0,1.529,,pause - confirmation du nom
2026-10-02T14:19:09.632733+00:00,1.311,,unavailable,,not_attributed,,,0,0.19,,pause - confirmation du nom
2026-10-02T14:19:09.898367+00:00,1.562,0,confirming,,not_attributed,,,0,15.294,,
2026-10-02T14:19:10.148819+00:00,1.812,0,inactive_candidate,first_inactive_observation,not_attributed,,,0,15.205,,
2026-10-02T14:19:10.398657+00:00,2.063,0,inactive_candidate,,not_attributed,,,0,14.562,,
2026-10-02T14:19:10.648069+00:00,2.313,0,inactive_candidate,,not_attributed,,,0,13.361,,
2026-10-02T14:19:10.898577+00:00,2.563,0,inactive_candidate,,not_attributed,,,0,13.78,,
2026-10-02T14:19:11.150507+00:00,2.814,0,inactive_candidate,,not_attributed,,,0,15.205,,
2026-10-02T14:19:11.400890+00:00,3.064,0,inactive_candidate,,not_attributed,,,0,15.248,,
2026-10-02T14:19:11.650600+00:00,3.315,0,inactive_candidate,,not_attributed,,,0,14.705,,
2026-10-02T14:19:11.901889+00:00,3.565,0,inactive_candidate,,not_attributed,,,0,15.809,,
2026-10-02T14:19:12.153297+00:00,3.815,0,inactive_candidate,,not_attributed,,,0,16.761,,
2026-10-02T14:19:12.403259+00:00,4.066,0,inactive_candidate,,not_attributed,,,0,16.33,,
2026-10-02T14:19:12.656283+00:00,4.316,0,inactive_candidate,,not_attributed,,,0,18.985,,
2026-10-02T14:19:12.902185+00:00,4.566,0,inactive_candidate,,not_attributed,,,0,14.748,,
2026-10-02T14:19:13.153255+00:00,4.817,0,inactive_candidate,,not_attributed,,,0,15.275,,
2026-10-02T14:19:13.405720+00:00,5.067,0,inactive_candidate,,not_attributed,,,0,17.107,,
2026-10-02T14:19:13.655013+00:00,5.318,0,inactive_candidate,,not_attributed,,,0,16.182,,
2026-10-02T14:19:13.903577+00:00,5.568,0,inactive_candidate,,not_attributed,,,0,14.352,,
2026-10-02T14:19:14.155356+00:00,5.818,0,inactive_candidate,,not_attributed,,,0,15.657,,
2026-10-02T14:19:14.412989+00:00,6.069,0,inactive_candidate,,not_attributed,,,0,13.811,,
2026-10-02T14:19:14.658251+00:00,6.319,0,inactive_candidate,,not_attributed,,,0,17.783,,
2026-10-02T14:19:14.905990+00:00,6.569,0,inactive_candidate,,not_attributed,,,0,15.364,,
2026-10-02T14:19:15.154925+00:00,6.82,0,inactive_candidate,,not_attributed,,,0,13.812,,
2026-10-02T14:19:15.406023+00:00,7.07,0,inactive_candidate,,not_attributed,,,0,14.559,,
2026-10-02T14:19:15.658099+00:00,7.321,0,inactive_candidate,,not_attributed,,,0,16.21,,
2026-10-02T14:19:15.905722+00:00,7.571,0,inactive_candidate,,not_attributed,,,0,13.487,,
2026-10-02T14:19:16.159530+00:00,7.821,0,inactive_candidate,,not_attributed,,,0,16.889,,
2026-10-02T14:19:16.406843+00:00,8.072,0,inactive_candidate,,not_attributed,,,0,13.675,,
2026-10-02T14:19:16.657890+00:00,8.322,0,inactive_candidate,,not_attributed,,,0,14.535,,
2026-10-02T14:19:16.907431+00:00,8.572,0,inactive_candidate,,not_attributed,,,0,13.635,,
2026-10-02T14:19:17.159852+00:00,8.823,0,inactive_candidate,,not_attributed,,,0,15.736,,
2026-10-02T14:19:17.408455+00:00,9.073,0,inactive_candidate,,not_attributed,,,0,13.928,,
2026-10-02T14:19:17.660421+00:00,9.323,0,inactive_candidate,,not_attributed,,,0,15.707,,
2026-10-02T14:19:17.910093+00:00,9.574,0,inactive_candidate,,not_attributed,,,0,14.952,,
2026-10-02T14:19:18.161661+00:00,9.824,0,inactive_candidate,,not_attributed,,,0,16.102,,
2026-10-02T14:19:18.410461+00:00,10.075,0,inactive_candidate,,not_attributed,,,0,14.395,,
2026-10-02T14:19:18.667738+00:00,10.325,0,inactive_candidate,,not_attributed,,,0,19.058,,
2026-10-02T14:19:18.911549+00:00,10.576,0,inactive_candidate,,not_attributed,,,0,14.578,,
2026-10-02T14:19:19.162809+00:00,10.826,0,inactive_candidate,,not_attributed,,,0,15.462,,
2026-10-02T14:19:19.420909+00:00,11.076,0,inactive_candidate,,not_attributed,,,0,14.401,,
2026-10-02T14:19:19.662032+00:00,11.327,0,inactive_candidate,,not_attributed,,,0,13.986,,
2026-10-02T14:19:19.911886+00:00,11.577,0,inactive_candidate,,not_attributed,,,0,13.635,,
2026-10-02T14:19:20.164555+00:00,11.827,0,inactive_candidate,,not_attributed,,,0,15.89,,
2026-10-02T14:19:20.413169+00:00,12.078,0,inactive_candidate,,not_attributed,,,0,14.286,,
2026-10-02T14:19:20.665261+00:00,12.328,0,inactive_candidate,,not_attributed,,,0,16.244,,
2026-10-02T14:19:20.913952+00:00,12.578,0,inactive_candidate,,not_attributed,,,0,14.428,,
2026-10-02T14:19:21.165114+00:00,12.828,0,inactive_candidate,,not_attributed,,,0,15.276,,
2026-10-02T14:19:21.415765+00:00,13.079,0,inactive_candidate,,not_attributed,,,0,15.338,,
2026-10-02T14:19:21.665720+00:00,13.329,0,inactive_candidate,,not_attributed,,,0,15.175,,
2026-10-02T14:19:21.917610+00:00,13.58,0,inactive_candidate,,not_attributed,,,0,16.66,,
2026-10-02T14:19:22.166827+00:00,13.83,0,inactive_candidate,,not_attributed,,,0,15.282,,
2026-10-02T14:19:22.415898+00:00,14.08,0,inactive_candidate,,not_attributed,,,0,14.194,,
2026-10-02T14:19:22.667058+00:00,14.331,0,inactive_candidate,,not_attributed,,,0,15.08,,
2026-10-02T14:19:22.916423+00:00,14.581,0,inactive_candidate,,not_attributed,,,0,14.344,,
2026-10-02T14:19:23.167294+00:00,14.831,0,inactive_candidate,,not_attributed,,,0,14.569,,
2026-10-02T14:19:23.417139+00:00,15.082,0,inactive_candidate,,not_attributed,,,0,14.058,,
2026-10-02T14:19:23.667810+00:00,15.332,0,inactive_candidate,,not_attributed,,,0,14.417,,
2026-10-02T14:19:23.919164+00:00,15.583,0,inactive_candidate,,not_attributed,,,0,15.269,,
2026-10-02T14:19:24.168866+00:00,15.833,0,inactive_candidate,,not_attributed,,,0,14.844,,
2026-10-02T14:19:24.427929+00:00,16.083,0,inactive_candidate,,not_attributed,,,0,15.369,,
2026-10-02T14:19:24.669063+00:00,16.333,0,inactive_candidate,,not_attributed,,,0,14.225,,
2026-10-02T14:19:24.920533+00:00,16.584,0,inactive_candidate,,not_attributed,,,0,15.237,,
2026-10-02T14:19:25.171215+00:00,16.835,0,inactive_candidate,,not_attributed,,,0,15.23,,
2026-10-02T14:19:25.421645+00:00,17.085,0,inactive_candidate,,not_attributed,,,0,15.518,,
2026-10-02T14:19:25.670892+00:00,17.335,0,inactive_candidate,,not_attributed,,,0,14.656,,
2026-10-02T14:19:25.922843+00:00,17.585,0,inactive_candidate,,not_attributed,,,0,16.471,,
2026-10-02T14:19:26.172673+00:00,17.836,0,inactive_candidate,,not_attributed,,,0,15.725,,
2026-10-02T14:19:26.421916+00:00,18.086,0,inactive_candidate,,not_attributed,,,0,14.393,,
2026-10-02T14:19:26.673126+00:00,18.337,0,inactive_candidate,,not_attributed,,,0,15.234,,
2026-10-02T14:19:26.924900+00:00,18.587,0,inactive_candidate,,not_attributed,,,0,16.389,,
2026-10-02T14:19:27.173380+00:00,18.838,0,inactive_candidate,,not_attributed,,,0,14.294,,
2026-10-02T14:19:27.424523+00:00,19.088,0,inactive_candidate,,not_attributed,,,0,15.178,,
2026-10-02T14:19:27.673796+00:00,19.338,0,inactive_candidate,,not_attributed,,,0,14.039,,
2026-10-02T14:19:27.925543+00:00,19.589,0,inactive_candidate,,not_attributed,,,0,15.404,,
2026-10-02T14:19:28.175307+00:00,19.839,0,inactive_candidate,,not_attributed,,,0,14.593,,
2026-10-02T14:19:28.426267+00:00,20.09,0,inactive_candidate,,not_attributed,,,0,15.209,,
2026-10-02T14:19:28.675309+00:00,20.34,0,inactive_candidate,,not_attributed,,,0,14.129,,
2026-10-02T14:19:28.926809+00:00,20.59,0,inactive_candidate,,not_attributed,,,0,15.492,,
2026-10-02T14:19:29.177159+00:00,20.84,0,inactive_candidate,,not_attributed,,,0,15.469,,
2026-10-02T14:19:29.438415+00:00,21.091,0,inactive_candidate,,not_attributed,,,0,15.791,,
2026-10-02T14:19:29.676532+00:00,21.341,0,inactive_candidate,,not_attributed,,,0,14.44,,
2026-10-02T14:19:29.927744+00:00,21.591,0,inactive_candidate,,not_attributed,,,0,15.45,,
2026-10-02T14:19:30.180611+00:00,21.841,0,inactive_candidate,,not_attributed,,,0,17.956,,
2026-10-02T14:19:30.427107+00:00,22.092,0,inactive_candidate,,not_attributed,,,0,14.085,,
2026-10-02T14:19:30.677721+00:00,22.342,0,inactive_candidate,,not_attributed,,,0,14.525,,
2026-10-02T14:19:30.928374+00:00,22.592,0,inactive_candidate,,not_attributed,,,0,14.261,,
2026-10-02T14:19:31.177538+00:00,22.843,0,inactive_candidate,,not_attributed,,,0,13.612,,
2026-10-02T14:19:31.428952+00:00,23.093,0,inactive_candidate,,not_attributed,,,0,14.494,,
2026-10-02T14:19:31.678347+00:00,23.344,0,inactive_candidate,,not_attributed,,,0,13.402,,
2026-10-02T14:19:31.929883+00:00,23.594,0,inactive_candidate,,not_attributed,,,0,14.818,,
2026-10-02T14:19:32.179346+00:00,23.844,0,inactive_candidate,,not_attributed,,,0,13.55,,
2026-10-02T14:19:32.431462+00:00,24.095,0,inactive_candidate,,not_attributed,,,0,15.429,,
2026-10-02T14:19:32.681188+00:00,24.345,0,inactive_candidate,,not_attributed,,,0,14.941,,
2026-10-02T14:19:32.931623+00:00,24.596,0,inactive_candidate,,not_attributed,,,0,14.506,,
2026-10-02T14:19:33.183045+00:00,24.846,0,inactive_candidate,,not_attributed,,,0,15.87,,
2026-10-02T14:19:33.432357+00:00,25.096,0,inactive_candidate,,not_attributed,,,0,15.039,,
2026-10-02T14:19:33.686457+00:00,25.346,0,inactive_candidate,,not_attributed,,,0,18.952,,
2026-10-02T14:19:33.932356+00:00,25.597,0,inactive_candidate,,not_attributed,,,0,14.485,,
2026-10-02T14:19:34.182777+00:00,25.847,0,inactive_candidate,,not_attributed,,,0,14.565,,
2026-10-02T14:19:34.442545+00:00,26.097,0,inactive_candidate,,not_attributed,,,0,13.695,,
2026-10-02T14:19:34.685032+00:00,26.348,0,inactive_candidate,,not_attributed,,,0,15.787,,
2026-10-02T14:19:34.933934+00:00,26.598,0,inactive_candidate,,not_attributed,,,0,14.286,,
2026-10-02T14:19:35.185887+00:00,26.849,0,inactive_candidate,,not_attributed,,,0,15.888,,
2026-10-02T14:19:35.438226+00:00,27.1,0,inactive_candidate,,not_attributed,,,0,16.438,,
2026-10-02T14:19:35.687166+00:00,27.351,0,inactive_candidate,,not_attributed,,,0,15.276,,
2026-10-02T14:19:35.936111+00:00,27.601,0,inactive_candidate,,not_attributed,,,0,14.009,,
2026-10-02T14:19:36.188032+00:00,27.851,0,inactive_candidate,,not_attributed,,,0,15.655,,
2026-10-02T14:19:36.437903+00:00,28.101,0,inactive_candidate,,not_attributed,,,0,15.312,,
2026-10-02T14:19:36.687778+00:00,28.351,0,inactive_candidate,,not_attributed,,,0,15.061,,
2026-10-02T14:19:36.938885+00:00,28.602,0,inactive_candidate,,not_attributed,,,0,15.619,,
2026-10-02T14:19:37.187662+00:00,28.852,0,inactive_candidate,,not_attributed,,,0,14.135,,
2026-10-02T14:19:37.439735+00:00,29.103,0,inactive_candidate,,not_attributed,,,0,15.744,,
2026-10-02T14:19:37.689605+00:00,29.353,0,inactive_candidate,,not_attributed,,,0,15.455,,
2026-10-02T14:19:37.938654+00:00,29.603,0,inactive_candidate,,not_attributed,,,0,13.887,,
2026-10-02T14:19:38.198511+00:00,29.854,0,inactive_candidate,,not_attributed,,,0,23.373,,
2026-10-02T14:19:38.439715+00:00,30.104,0,inactive_candidate,,not_attributed,,,0,14.46,,
2026-10-02T14:19:38.689247+00:00,30.354,0,inactive_candidate,,not_attributed,,,0,13.622,,
2026-10-02T14:19:38.939619+00:00,30.604,0,inactive_candidate,,not_attributed,,,0,13.725,,
2026-10-02T14:19:39.193942+00:00,30.855,0,inactive_candidate,,not_attributed,,,0,17.463,,
2026-10-02T14:19:39.450850+00:00,31.105,0,inactive_candidate,,not_attributed,,,0,14.513,,
2026-10-02T14:19:39.693421+00:00,31.355,0,inactive_candidate,,not_attributed,,,0,16.706,,
2026-10-02T14:19:39.940620+00:00,31.606,0,inactive_candidate,,not_attributed,,,0,13.752,,
2026-10-02T14:19:40.194557+00:00,31.856,0,inactive_candidate,,not_attributed,,,0,17.096,,
2026-10-02T14:19:40.442912+00:00,32.107,0,inactive_candidate,,not_attributed,,,0,15.035,,
2026-10-02T14:19:40.693875+00:00,32.357,0,inactive_candidate,,not_attributed,,,0,15.901,,
2026-10-02T14:19:40.942301+00:00,32.607,0,inactive_candidate,,not_attributed,,,0,13.779,,
2026-10-02T14:19:41.193941+00:00,32.858,0,inactive_candidate,,not_attributed,,,0,14.846,,
2026-10-02T14:19:41.443333+00:00,33.108,0,inactive_candidate,,not_attributed,,,0,13.898,,
2026-10-02T14:19:41.695919+00:00,33.359,0,inactive_candidate,,not_attributed,,,0,15.713,,
2026-10-02T14:19:41.948028+00:00,33.609,0,inactive_candidate,,not_attributed,,,0,17.455,,
2026-10-02T14:19:42.197509+00:00,33.86,0,inactive_candidate,,not_attributed,,,0,16.265,,
2026-10-02T14:19:42.446340+00:00,34.11,0,inactive_candidate,,not_attributed,,,0,14.718,,
2026-10-02T14:19:42.696777+00:00,34.361,0,inactive_candidate,,not_attributed,,,0,14.703,,
2026-10-02T14:19:42.947018+00:00,34.611,0,inactive_candidate,,not_attributed,,,0,14.515,,
2026-10-02T14:19:43.197314+00:00,34.861,0,inactive_candidate,,not_attributed,,,0,14.628,,
2026-10-02T14:19:43.448250+00:00,35.112,0,inactive_candidate,,not_attributed,,,0,15.261,,
2026-10-02T14:19:43.699866+00:00,35.362,0,inactive_candidate,,not_attributed,,,0,16.701,,
2026-10-02T14:19:43.947703+00:00,35.612,0,inactive_candidate,,not_attributed,,,0,14.419,,
2026-10-02T14:19:44.199042+00:00,35.862,0,inactive_candidate,,not_attributed,,,0,15.19,,
2026-10-02T14:19:44.461025+00:00,36.113,0,inactive_candidate,,not_attributed,,,0,16.846,,
2026-10-02T14:19:44.699145+00:00,36.363,0,inactive_candidate,,not_attributed,,,0,14.435,,
2026-10-02T14:19:44.950557+00:00,36.614,0,inactive_candidate,,not_attributed,,,0,15.709,,
2026-10-02T14:19:45.201439+00:00,36.864,0,inactive_candidate,,not_attributed,,,0,16.308,,
2026-10-02T14:19:45.451565+00:00,37.114,0,inactive_candidate,,not_attributed,,,0,16.243,,
2026-10-02T14:19:45.702096+00:00,37.364,0,inactive_candidate,,not_attributed,,,0,16.322,,
2026-10-02T14:19:45.950794+00:00,37.615,0,inactive_candidate,,not_attributed,,,0,14.932,,
2026-10-02T14:19:46.201233+00:00,37.865,0,inactive_candidate,,not_attributed,,,0,14.768,,
2026-10-02T14:19:46.451700+00:00,38.116,0,inactive_candidate,,not_attributed,,,0,14.694,,
2026-10-02T14:19:46.702789+00:00,38.366,0,inactive_candidate,,not_attributed,,,0,15.299,,
2026-10-02T14:19:46.953379+00:00,38.617,0,inactive_candidate,,not_attributed,,,0,15.508,,
2026-10-02T14:19:47.203230+00:00,38.867,0,inactive_candidate,,not_attributed,,,0,14.746,,
2026-10-02T14:19:47.453744+00:00,39.117,0,inactive_candidate,,not_attributed,,,0,15.164,,
2026-10-02T14:19:47.702951+00:00,39.367,0,inactive_candidate,,not_attributed,,,0,14.261,,
2026-10-02T14:19:47.954360+00:00,39.618,0,inactive_candidate,,not_attributed,,,0,15.479,,
2026-10-02T14:19:48.205534+00:00,39.868,0,inactive_candidate,,not_attributed,,,0,16.094,,
2026-10-02T14:19:48.456761+00:00,40.118,0,inactive_candidate,,not_attributed,,,0,17.276,,
2026-10-02T14:19:48.706174+00:00,40.368,0,inactive_candidate,,not_attributed,,,0,16.359,,
2026-10-02T14:19:48.956380+00:00,40.619,0,inactive_candidate,,not_attributed,,,0,16.216,,
2026-10-02T14:19:49.205394+00:00,40.869,0,inactive_candidate,,not_attributed,,,0,14.694,,
2026-10-02T14:19:49.471043+00:00,41.12,0,inactive_candidate,,not_attributed,,,0,16.909,,
2026-10-02T14:19:49.707809+00:00,41.37,0,inactive_candidate,,not_attributed,,,0,16.158,,
2026-10-02T14:19:49.959267+00:00,41.621,0,inactive_candidate,,not_attributed,,,0,17.239,,
2026-10-02T14:19:50.207124+00:00,41.871,0,inactive_candidate,,not_attributed,,,0,14.577,,
2026-10-02T14:19:50.459742+00:00,42.121,0,inactive_candidate,,not_attributed,,,0,17.028,,
2026-10-02T14:19:50.707445+00:00,42.371,0,inactive_candidate,,not_attributed,,,0,14.591,,
2026-10-02T14:19:50.960386+00:00,42.622,0,inactive_candidate,,not_attributed,,,0,17.167,,
2026-10-02T14:19:51.210580+00:00,42.872,0,inactive_candidate,,not_attributed,,,0,17.136,,
2026-10-02T14:19:51.459716+00:00,43.122,0,inactive_candidate,,not_attributed,,,0,16.178,,
2026-10-02T14:19:51.709721+00:00,43.372,0,inactive_candidate,,not_attributed,,,0,15.889,,
2026-10-02T14:19:51.944069+00:00,43.623,,unavailable,,not_attributed,,,1,0.067,,pause automatique
2026-10-02T14:19:52.194715+00:00,43.873,,unavailable,,not_attributed,,,1,0.066,,pause automatique
2026-10-02T14:19:52.444838+00:00,44.123,,unavailable,,not_attributed,,,1,0.065,,pause automatique
2026-10-02T14:19:52.694923+00:00,44.374,,unavailable,,not_attributed,,,1,0.065,,pause automatique
2026-10-02T14:19:52.945259+00:00,44.624,,unavailable,,not_attributed,,,1,0.127,,pause automatique
2026-10-02T14:19:53.195333+00:00,44.874,,unavailable,,not_attributed,,,1,0.067,,pause automatique
2026-10-02T14:19:53.446340+00:00,45.125,,unavailable,,not_attributed,,,1,0.156,,pause automatique
2026-10-02T14:19:53.696375+00:00,45.375,,unavailable,,not_attributed,,,1,0.065,,pause automatique
2026-10-02T14:19:53.946562+00:00,45.625,,unavailable,,not_attributed,,,1,0.069,,pause automatique
2026-10-02T14:19:54.197241+00:00,45.876,,unavailable,,not_attributed,,,1,0.149,,pause automatique
2026-10-02T14:19:54.458140+00:00,46.126,,unavailable,,not_attributed,,,1,0.07,,pause automatique
2026-10-02T14:19:54.697875+00:00,46.377,,unavailable,,not_attributed,,,1,0.072,,pause automatique
2026-10-02T14:19:54.948315+00:00,46.627,,unavailable,,not_attributed,,,1,0.15,,pause automatique
2026-10-02T14:19:55.198575+00:00,46.877,,unavailable,,not_attributed,,,1,0.093,,pause automatique
2026-10-02T14:19:55.449706+00:00,47.128,,unavailable,,not_attributed,,,1,0.327,,pause automatique
2026-10-02T14:19:55.699624+00:00,47.378,,unavailable,,not_attributed,,,1,0.081,,pause automatique
2026-10-02T14:19:55.950112+00:00,47.629,,unavailable,,not_attributed,,,1,0.068,,pause automatique
2026-10-02T14:19:56.200581+00:00,47.879,,unavailable,,not_attributed,,,1,0.067,,pause automatique
2026-10-02T14:19:56.451110+00:00,48.13,,unavailable,,not_attributed,,,1,0.068,,pause automatique
2026-10-02T14:19:56.701535+00:00,48.38,,unavailable,,not_attributed,,,1,0.092,,pause automatique
2026-10-02T14:19:56.952194+00:00,48.631,,unavailable,,not_attributed,,,1,0.115,,pause automatique
2026-10-02T14:19:57.202587+00:00,48.881,,unavailable,,not_attributed,,,1,0.12,,pause automatique
2026-10-02T14:19:57.453288+00:00,49.132,,unavailable,,not_attributed,,,0,0.24,,pause - confirmation du nom
2026-10-02T14:19:57.703554+00:00,49.382,,unavailable,,not_attributed,,,0,0.193,,pause - confirmation du nom
2026-10-02T14:19:57.968395+00:00,49.633,0,confirming,,not_attributed,,,0,14.428,,
2026-10-02T14:19:58.219133+00:00,49.883,0,inactive_candidate,first_inactive_observation,not_attributed,,,0,14.924,,
2026-10-02T14:19:58.470307+00:00,50.134,0,inactive_candidate,,not_attributed,,,0,15.229,,
2026-10-02T14:19:58.721348+00:00,50.384,0,inactive_candidate,,not_attributed,,,0,16.078,,
2026-10-02T14:19:58.971443+00:00,50.635,0,inactive_candidate,,not_attributed,,,0,15.568,,
2026-10-02T14:19:59.220973+00:00,50.885,0,inactive_candidate,,not_attributed,,,0,14.552,,
2026-10-02T14:19:59.484525+00:00,51.136,0,inactive_candidate,,not_attributed,,,0,16.992,,
2026-10-02T14:19:59.722181+00:00,51.386,0,inactive_candidate,,not_attributed,,,0,15.03,,
2026-10-02T14:19:59.973471+00:00,51.636,0,inactive_candidate,,not_attributed,,,0,15.781,,
2026-10-02T14:20:00.223872+00:00,51.887,0,inactive_candidate,,not_attributed,,,0,15.789,,
2026-10-02T14:20:00.473779+00:00,52.137,0,inactive_candidate,,not_attributed,,,0,15.452,,
2026-10-02T14:20:00.723170+00:00,52.388,0,inactive_candidate,,not_attributed,,,0,14.116,,
2026-10-02T14:20:00.974311+00:00,52.638,0,inactive_candidate,,not_attributed,,,0,15.173,,
2026-10-02T14:20:01.225284+00:00,52.888,0,inactive_candidate,,not_attributed,,,0,15.572,,
2026-10-02T14:20:01.478733+00:00,53.139,0,inactive_candidate,,not_attributed,,,0,18.639,,
2026-10-02T14:20:01.727868+00:00,53.389,0,inactive_candidate,,not_attributed,,,0,17.412,,
2026-10-02T14:20:01.977176+00:00,53.639,0,inactive_candidate,,not_attributed,,,0,16.446,,
2026-10-02T14:20:02.227576+00:00,53.89,0,inactive_candidate,,not_attributed,,,0,16.558,,
2026-10-02T14:20:02.476385+00:00,54.14,0,inactive_candidate,,not_attributed,,,0,14.816,,
2026-10-02T14:20:02.728312+00:00,54.391,0,inactive_candidate,,not_attributed,,,0,16.187,,
2026-10-02T14:20:02.977129+00:00,54.641,0,inactive_candidate,,not_attributed,,,0,14.61,,
2026-10-02T14:20:03.229799+00:00,54.892,0,inactive_candidate,,not_attributed,,,0,16.748,,
2026-10-02T14:20:03.478025+00:00,55.142,0,inactive_candidate,,not_attributed,,,0,14.78,,
2026-10-02T14:20:03.727901+00:00,55.392,0,inactive_candidate,,not_attributed,,,0,14.552,,
2026-10-02T14:20:03.981602+00:00,55.643,0,inactive_candidate,,not_attributed,,,0,17.712,,
2026-10-02T14:20:04.228935+00:00,55.893,0,inactive_candidate,,not_attributed,,,0,14.763,,
2026-10-02T14:20:04.490510+00:00,56.143,0,inactive_candidate,,not_attributed,,,0,15.756,,
2026-10-02T14:20:04.731514+00:00,56.393,0,inactive_candidate,,not_attributed,,,0,16.675,,
2026-10-02T14:20:04.979984+00:00,56.644,0,inactive_candidate,,not_attributed,,,0,14.879,,
2026-10-02T14:20:05.231078+00:00,56.894,0,inactive_candidate,,not_attributed,,,0,15.567,,
2026-10-02T14:20:05.479840+00:00,57.144,0,inactive_candidate,,not_attributed,,,0,14.258,,
2026-10-02T14:20:05.731163+00:00,57.395,0,inactive_candidate,,not_attributed,,,0,15.17,,
2026-10-02T14:20:05.980709+00:00,57.645,0,inactive_candidate,,not_attributed,,,0,14.231,,
2026-10-02T14:20:06.233361+00:00,57.895,0,inactive_candidate,,not_attributed,,,0,16.596,,
2026-10-02T14:20:06.482579+00:00,58.145,0,inactive_candidate,,not_attributed,,,0,15.758,,
2026-10-02T14:20:06.732657+00:00,58.396,0,inactive_candidate,,not_attributed,,,0,15.525,,
2026-10-02T14:20:06.984170+00:00,58.646,0,inactive_candidate,,not_attributed,,,0,16.832,,
2026-10-02T14:20:07.233707+00:00,58.896,0,inactive_candidate,,not_attributed,,,0,16.225,,
2026-10-02T14:20:07.483474+00:00,59.146,0,inactive_candidate,,not_attributed,,,0,15.748,,
2026-10-02T14:20:07.735219+00:00,59.396,0,inactive_candidate,,not_attributed,,,0,17.382,,
2026-10-02T14:20:07.982758+00:00,59.647,0,inactive_candidate,,not_attributed,,,0,14.753,,
2026-10-02T14:20:08.234576+00:00,59.897,0,inactive_candidate,,not_attributed,,,0,15.975,,
2026-10-02T14:20:08.485790+00:00,60.148,0,inactive_candidate,,not_attributed,,,0,16.648,,
2026-10-02T14:20:08.734169+00:00,60.398,0,inactive_candidate,,not_attributed,,,0,14.749,,
2026-10-02T14:20:08.985368+00:00,60.648,0,inactive_candidate,,not_attributed,,,0,15.525,,
2026-10-02T14:20:09.235825+00:00,60.899,0,inactive_candidate,,not_attributed,,,0,15.497,,
2026-10-02T14:20:09.495284+00:00,61.149,0,inactive_candidate,,not_attributed,,,0,16.727,,
2026-10-02T14:20:09.738521+00:00,61.399,0,inactive_candidate,,not_attributed,,,0,17.982,,
2026-10-02T14:20:09.986573+00:00,61.649,0,inactive_candidate,,not_attributed,,,0,15.969,,
2026-10-02T14:20:10.237343+00:00,61.9,0,inactive_candidate,,not_attributed,,,0,16.3,,
2026-10-02T14:20:10.488491+00:00,62.15,0,inactive_candidate,,not_attributed,,,0,16.992,,
2026-10-02T14:20:10.738944+00:00,62.401,0,inactive_candidate,,not_attributed,,,0,16.92,,
2026-10-02T14:20:10.987556+00:00,62.651,0,inactive_candidate,,not_attributed,,,0,15.182,,
2026-10-02T14:20:11.245989+00:00,62.902,0,inactive_candidate,,not_attributed,,,0,14.8,ordinary_enemy,
2026-10-02T14:20:11.488522+00:00,63.152,0,inactive_candidate,,not_attributed,,,0,15.082,,
2026-10-02T14:20:11.738522+00:00,63.402,0,inactive_candidate,,not_attributed,,,0,14.752,,
2026-10-02T14:20:11.989766+00:00,63.653,0,inactive_candidate,,not_attributed,,,0,15.844,,
2026-10-02T14:20:12.242547+00:00,63.903,0,inactive_candidate,,not_attributed,,,0,18.123,,
2026-10-02T14:20:12.491810+00:00,64.153,0,inactive_candidate,,not_attributed,,,0,17.1,,
2026-10-02T14:20:12.740332+00:00,64.403,0,inactive_candidate,,not_attributed,,,0,15.529,,
2026-10-02T14:20:12.992814+00:00,64.654,0,inactive_candidate,,not_attributed,,,0,17.533,,
2026-10-02T14:20:13.242313+00:00,64.904,0,inactive_candidate,,not_attributed,,,0,16.91,,
2026-10-02T14:20:13.491336+00:00,65.154,0,inactive_candidate,,not_attributed,,,0,15.562,,
2026-10-02T14:20:13.742559+00:00,65.405,0,inactive_candidate,,not_attributed,,,0,16.363,,
2026-10-02T14:20:13.993279+00:00,65.655,0,inactive_candidate,,not_attributed,,,0,16.702,,
2026-10-02T14:20:14.243668+00:00,65.905,0,inactive_candidate,,not_attributed,,,0,16.859,,
2026-10-02T14:20:14.505993+00:00,66.156,0,inactive_candidate,,not_attributed,,,0,16.598,,
2026-10-02T14:20:14.743398+00:00,66.406,0,inactive_candidate,,not_attributed,,,0,15.988,,
2026-10-02T14:20:14.992594+00:00,66.656,0,inactive_candidate,,not_attributed,,,0,14.902,,
2026-10-02T14:20:15.244860+00:00,66.907,0,inactive_candidate,,not_attributed,,,0,16.841,,
2026-10-02T14:20:15.494345+00:00,67.157,0,inactive_candidate,,not_attributed,,,0,16.233,,
2026-10-02T14:20:15.743103+00:00,67.407,0,inactive_candidate,,not_attributed,,,0,14.653,,
2026-10-02T14:20:15.996511+00:00,67.657,0,inactive_candidate,,not_attributed,,,0,17.744,,
2026-10-02T14:20:16.244384+00:00,67.908,0,inactive_candidate,,not_attributed,,,0,15.18,,
2026-10-02T14:20:16.496923+00:00,68.158,0,inactive_candidate,,not_attributed,,,0,17.518,,
2026-10-02T14:20:16.746026+00:00,68.408,0,inactive_candidate,,not_attributed,,,0,16.195,,
2026-10-02T14:20:16.996400+00:00,68.659,0,inactive_candidate,,not_attributed,,,0,16.294,,
2026-10-02T14:20:17.246298+00:00,68.909,0,inactive_candidate,,not_attributed,,,0,15.548,,
2026-10-02T14:20:17.497785+00:00,69.16,0,inactive_candidate,,not_attributed,,,0,16.507,,
2026-10-02T14:20:17.746068+00:00,69.41,0,inactive_candidate,,not_attributed,,,0,14.476,,
2026-10-02T14:20:17.998584+00:00,69.661,0,inactive_candidate,,not_attributed,,,0,16.716,,
2026-10-02T14:20:18.248221+00:00,69.911,0,inactive_candidate,,not_attributed,,,0,16.124,,
2026-10-02T14:20:18.498393+00:00,70.161,0,inactive_candidate,,not_attributed,,,0,16.002,,
2026-10-02T14:20:18.747690+00:00,70.411,0,inactive_candidate,,not_attributed,,,0,15.039,,
2026-10-02T14:20:18.998788+00:00,70.662,0,inactive_candidate,,not_attributed,,,0,15.468,,
2026-10-02T14:20:19.249493+00:00,70.912,0,inactive_candidate,,not_attributed,,,0,15.75,,
2026-10-02T14:20:19.511194+00:00,71.163,0,inactive_candidate,,not_attributed,,,0,15.173,,
2026-10-02T14:20:19.751484+00:00,71.413,0,inactive_candidate,,not_attributed,,,0,17.092,,
2026-10-02T14:20:20.000091+00:00,71.664,0,inactive_candidate,,not_attributed,,,0,15.103,,
2026-10-02T14:20:20.250144+00:00,71.914,0,inactive_candidate,,not_attributed,,,0,14.701,,
2026-10-02T14:20:20.502232+00:00,72.164,0,inactive_candidate,,not_attributed,,,0,16.542,,
2026-10-02T14:20:20.751028+00:00,72.415,0,inactive_candidate,,not_attributed,,,0,14.856,,
2026-10-02T14:20:21.002054+00:00,72.665,0,inactive_candidate,,not_attributed,,,0,15.76,,
2026-10-02T14:20:21.255808+00:00,72.915,0,inactive_candidate,,not_attributed,,,0,19.171,,
2026-10-02T14:20:21.503017+00:00,73.166,0,inactive_candidate,,not_attributed,,,0,15.754,,
2026-10-02T14:20:21.753147+00:00,73.416,0,inactive_candidate,,not_attributed,,,0,15.791,,
2026-10-02T14:20:22.005251+00:00,73.666,0,inactive_candidate,,not_attributed,,,0,17.416,,
2026-10-02T14:20:22.256645+00:00,73.917,0,inactive_candidate,,not_attributed,,,0,18.513,,
2026-10-02T14:20:22.504457+00:00,74.167,0,inactive_candidate,,not_attributed,,,0,16.21,,
2026-10-02T14:20:22.756058+00:00,74.417,0,inactive_candidate,,not_attributed,,,0,17.27,,
2026-10-02T14:20:23.003046+00:00,74.668,0,inactive_candidate,,not_attributed,,,0,14.055,,
2026-10-02T14:20:23.255181+00:00,74.918,0,inactive_candidate,,not_attributed,,,0,15.799,,
2026-10-02T14:20:23.505388+00:00,75.168,0,inactive_candidate,,not_attributed,,,0,15.565,,
2026-10-02T14:20:23.755497+00:00,75.419,0,inactive_candidate,,not_attributed,,,0,15.535,,
2026-10-02T14:20:24.004753+00:00,75.669,0,inactive_candidate,,not_attributed,,,0,14.351,,
2026-10-02T14:20:24.261369+00:00,75.919,0,inactive_candidate,,not_attributed,,,0,20.569,,
2026-10-02T14:20:24.517826+00:00,76.17,0,inactive_candidate,,not_attributed,,,0,16.081,,
2026-10-02T14:20:24.755565+00:00,76.42,0,inactive_candidate,,not_attributed,,,0,14.227,,
2026-10-02T14:20:25.007020+00:00,76.67,0,inactive_candidate,,not_attributed,,,0,15.387,,
2026-10-02T14:20:25.257283+00:00,76.921,0,inactive_candidate,,not_attributed,,,0,15.284,,
2026-10-02T14:20:25.508763+00:00,77.171,0,inactive_candidate,,not_attributed,,,0,16.347,,
2026-10-02T14:20:25.760768+00:00,77.421,0,inactive_candidate,,not_attributed,,,0,17.837,boss_victory,
2026-10-02T14:20:26.007348+00:00,77.672,0,inactive_candidate,,not_attributed,,,0,14.214,,
2026-10-02T14:20:26.259238+00:00,77.922,0,inactive_candidate,,not_attributed,,,0,15.538,,
2026-10-02T14:20:26.508866+00:00,78.173,0,inactive_candidate,,not_attributed,,,0,14.7,,
2026-10-02T14:20:26.761347+00:00,78.423,0,inactive_candidate,,not_attributed,,,0,16.77,,
2026-10-02T14:20:27.010469+00:00,78.674,0,inactive_candidate,,not_attributed,,,0,15.117,,
2026-10-02T14:20:27.261122+00:00,78.924,0,inactive_candidate,,not_attributed,,,0,15.527,,
2026-10-02T14:20:27.512214+00:00,79.174,0,inactive_candidate,,not_attributed,,,0,16.435,,
2026-10-02T14:20:27.762539+00:00,79.425,0,inactive_candidate,,not_attributed,,,0,16.306,,
2026-10-02T14:20:28.013360+00:00,79.676,0,inactive_candidate,,not_attributed,,,0,16.134,,
2026-10-02T14:20:28.263242+00:00,79.927,0,inactive_candidate,,not_attributed,,,0,15.202,,
2026-10-02T14:20:28.513117+00:00,80.177,0,inactive_candidate,,not_attributed,,,0,15.009,,
2026-10-02T14:20:28.768480+00:00,80.427,0,inactive_candidate,,not_attributed,,,0,20.131,,
2026-10-02T14:20:29.012828+00:00,80.677,0,inactive_candidate,,not_attributed,,,0,14.28,,
2026-10-02T14:20:29.264088+00:00,80.927,0,inactive_candidate,,not_attributed,,,0,15.298,,
2026-10-02T14:20:29.524605+00:00,81.178,0,inactive_candidate,,not_attributed,,,0,17.038,,
2026-10-02T14:20:29.764953+00:00,81.428,0,inactive_candidate,,not_attributed,,,0,15.424,,
2026-10-02T14:20:30.015477+00:00,81.679,0,inactive_candidate,,not_attributed,,,0,15.592,,
2026-10-02T14:20:30.266639+00:00,81.929,0,inactive_candidate,,not_attributed,,,0,15.99,,
2026-10-02T14:20:30.517371+00:00,82.18,0,inactive_candidate,,not_attributed,,,0,16.39,,
2026-10-02T14:20:30.766599+00:00,82.43,0,inactive_candidate,,not_attributed,,,0,15.478,,
2026-10-02T14:20:31.016723+00:00,82.68,0,inactive_candidate,,not_attributed,,,0,15.063,,
2026-10-02T14:20:31.267386+00:00,82.931,0,inactive_candidate,,not_attributed,,,0,15.238,,
2026-10-02T14:20:31.518137+00:00,83.181,0,inactive_candidate,,not_attributed,,,0,15.753,,
2026-10-02T14:20:31.767917+00:00,83.431,0,inactive_candidate,,not_attributed,,,0,15.301,,
2026-10-02T14:20:32.017755+00:00,83.682,0,inactive_candidate,,not_attributed,,,0,14.518,,
2026-10-02T14:20:32.269762+00:00,83.932,0,inactive_candidate,,not_attributed,,,0,16.201,,
2026-10-02T14:20:32.521102+00:00,84.183,0,inactive_candidate,,not_attributed,,,0,17.163,,
2026-10-02T14:20:32.769063+00:00,84.433,0,inactive_candidate,,not_attributed,,,0,14.79,,
2026-10-02T14:20:33.020053+00:00,84.683,0,inactive_candidate,,not_attributed,,,0,15.569,,
2026-10-02T14:20:33.271697+00:00,84.933,0,inactive_candidate,,not_attributed,,,0,17.124,,
2026-10-02T14:20:33.520724+00:00,85.184,0,inactive_candidate,,not_attributed,,,0,15.671,,
2026-10-02T14:20:33.770946+00:00,85.434,0,inactive_candidate,,not_attributed,,,0,15.394,,
2026-10-02T14:20:34.020656+00:00,85.685,0,inactive_candidate,,not_attributed,,,0,14.715,,
2026-10-02T14:20:34.271946+00:00,85.935,0,inactive_candidate,,not_attributed,,,0,15.695,,
2026-10-02T14:20:34.532221+00:00,86.185,0,inactive_candidate,,not_attributed,,,0,16.372,,
2026-10-02T14:20:34.776016+00:00,86.436,0,inactive_candidate,,not_attributed,,,0,18.986,,
2026-10-02T14:20:35.023806+00:00,86.686,0,inactive_candidate,,not_attributed,,,0,16.38,,
2026-10-02T14:20:35.275504+00:00,86.937,0,inactive_candidate,,not_attributed,,,0,17.505,,
2026-10-02T14:20:35.527929+00:00,87.187,0,inactive_candidate,,not_attributed,,,0,19.862,,
2026-10-02T14:20:35.773441+00:00,87.437,0,inactive_candidate,,not_attributed,,,0,15.031,,
